name,creation_date
Manhattan Murder Mystery,2017-06-15 19:20:18
Subspecies IV: Bloodstorm,1980-09-06 04:58:57
"Mighty Macs, The",1852-06-11 22:08:04
Intohimon vallassa,1927-02-15 02:26:12
Outskirts (Okraina),1822-06-22 09:51:11
Night of Dark Shadows,1964-03-26 20:36:34
"Undertaker and His Pals, The",1852-06-02 09:00:42
"Sport, Sport, Sport",1893-10-01 21:25:52
Paul Blart: Mall Cop,1868-01-08 09:14:30
Fear Island,1872-09-13 12:29:23
Year One,1813-06-04 07:40:48
"Roommate, The",1982-04-03 06:54:07
American Friends,2007-11-20 08:14:26
Gotcha!,1871-07-12 23:45:37
Dangerous Ground,1804-07-16 16:08:23
Patton,1930-05-10 12:47:42
Love Affair,1974-01-14 09:45:11
Elevator Girl,1893-02-07 07:58:55
Emmet Otter's Jug-Band Christmas,1804-04-03 16:29:13
The Halloween That Almost Wasn't,2011-05-02 21:27:41
Made in Dagenham,1811-06-29 12:12:28
Die,1832-09-07 15:16:02
Two Moon Junction,1901-07-15 18:34:14
Halls of Montezuma,2009-04-01 23:39:55
Born to Be Wild,1959-02-15 04:59:49
One Small Hitch,1976-10-17 04:00:50
Trick 'r Treat,1905-10-18 14:30:20
3:10 to Yuma,1867-03-22 23:45:02
CB4 - The Movie,1893-12-01 01:27:18
Not Suitable for Children,1983-02-19 16:47:15
Flawless,1868-04-30 02:23:15
"Coluche, l'histoire d'un mec",2011-06-23 00:31:13
Creepshow 2,1807-03-02 04:03:44
Kiss the Girls,1894-04-02 22:05:12
Tales That Witness Madness,1880-10-28 11:10:27
Christmas in Connecticut,1816-02-01 15:39:10
"Man Who Captured Eichmann, The",1840-12-28 12:57:50
Operation Homecoming: Writing the Wartime Experience,1857-12-11 16:45:41
Easier with Practice,1996-09-21 20:42:58
Super,1821-09-07 04:09:28
"Crimson Rivers 2: Angels of the Apocalypse (Rivières pourpres II - Les anges de l'apocalypse, Les)",1802-04-17 00:12:13
TT3D: Closer to the Edge,1801-01-26 19:32:24
Austenland,2015-05-21 00:59:35
The Derby Stallion,1868-07-02 19:14:11
Deceiver,1961-12-14 16:06:12
Defending Your Life,1905-06-02 03:56:16
Shakespeare's Globe: Henry V,1828-06-30 02:13:57
Bed of Roses,1884-11-18 21:44:09
Macbeth,1883-04-06 00:32:20
Memories of Matsuko (Kiraware Matsuko no isshô),2003-07-21 09:44:11
Bigfoot,1893-06-02 19:48:18
Mr. Freedom,1970-05-27 22:18:49
Live Wire,1880-12-22 04:56:02
Meek's Cutoff,1846-08-30 12:59:54
Hero Wanted,1933-07-30 23:14:50
"Tiger and the Snow, The (La tigre e la neve)",1921-09-01 12:44:21
Talk to Me,1849-05-14 03:57:11
Paternity,1890-03-09 03:04:25
Suspended Animation,1835-01-04 21:05:32
Rich and Strange,2009-11-04 20:02:20
Lord of Tears,1983-09-16 21:54:41
The Incident,1958-01-11 16:08:16
Come Drink with Me (Da zui xia),1805-07-01 23:56:21
Nights in Rodanthe,1933-11-22 16:04:15
Graduation Day,1890-10-28 15:04:52
5th Day of Peace (Dio è con noi),1933-01-02 14:04:29
Iraq in Fragments,1955-04-19 17:13:43
Arthur and the Invisibles,1971-12-17 10:45:36
Backstage,1929-12-25 01:29:31
Chalet Girl,1849-01-07 12:53:54
Jay-Z: Made in America,1860-08-22 14:13:21
Somewhere in Time,1936-07-04 15:22:59
Strange Cargo,1824-01-20 18:37:12
City Slickers II: The Legend of Curly's Gold,1902-07-28 10:16:04
Max,1955-12-06 09:58:29
My Stars (Mes stars et moi),1990-03-01 03:43:17
3 Godfathers,1830-06-06 07:18:29
Incubus,1812-07-25 10:53:18
"Romance of Astrea and Celadon, The (Les amours d'Astrée et de Céladon)",1983-05-21 11:32:06
Chocolate,1834-12-20 20:14:41
Wish Me Away,1861-06-02 09:34:53
Mr. 3000,1857-07-26 03:57:30
Anatomy of a Love Seen,2014-01-13 14:54:35
Mother Lode,1861-11-14 10:35:51
Brass Monkey,1915-10-15 07:36:05
"Body, The",1985-04-16 06:22:43
Smile,1859-12-18 00:32:57
Solaris (Solyaris),1952-03-10 23:18:24
Green Dragon,1887-03-22 08:26:08
"Ghost Goes West, The",1858-11-10 08:16:11
Il Capitano,1932-08-26 23:13:15
Shadow Kill,1960-07-07 01:05:17
Repo Man,1839-06-01 02:41:59
"Music Lovers, The",1840-06-15 23:02:34
The Amazing Screw-On Head,2005-12-25 07:42:22
Destiny in Space,2010-02-18 05:17:54
"Promise, The (Wu ji)",1875-05-18 20:13:05
Made in Heaven,1818-12-27 06:38:42
Dad,2014-10-15 16:46:35
That's Black Entertainment,1964-05-12 11:11:40
People on Sunday (Menschen am Sonntag),1839-06-18 11:59:22
This Is My Life,1896-07-26 08:38:51
"Guns of Navarone, The",2003-11-21 17:23:45
Paranormal Activity: The Marked Ones,1820-11-07 04:42:11
Heart Condition,1920-02-10 09:11:14
Sweetwater,1809-03-29 21:53:20
Mentiras y gordas,1811-01-30 14:02:49
"Card Player, The (Il cartaio)",1996-08-07 15:12:48
The Big Cube,2012-02-03 09:53:12
Copper Mountain,1879-03-01 03:18:39
Standing in the Shadows of Motown,1861-10-04 08:22:48
Anzio,1922-07-29 01:35:13
Beautiful,1836-06-19 03:16:33
Between the Sheets (Entre Lençóis),1978-10-14 18:51:01
"Bank Job, The",1878-03-09 23:16:41
Small Soldiers,1866-12-14 11:10:43
Caught Up,1845-02-26 17:14:51
Lumumba,1816-12-15 02:45:59
Caged Heat,2011-05-14 03:34:18
Private School,1938-06-22 15:46:31
588 Rue Paradis (Mother),1883-11-02 21:15:56
Yojimbo,1888-10-09 05:43:57
Let It Be,1914-03-12 10:19:54
"Cardinal, The",1854-05-09 14:36:23
The Wayward Girl,1938-02-25 10:51:26
Trilogy of Terror II,1979-07-04 15:39:04
"Onion Movie, The",1917-07-28 10:25:02
Support Your Local Gunfighter,1809-05-12 15:48:59
Non-Stop,1901-09-02 23:44:37
"Pillow Book, The",1873-04-29 09:55:49
Play Motel,1991-09-12 15:51:50
Agent Cody Banks,1927-02-23 11:25:56
Mystery of the Wax Museum,1926-01-13 04:38:55
Dragon Ball Z: Bio-Broly (Doragon bôru Z 11: Sûpâ senshi gekiha! Katsu no wa ore da),1888-04-30 18:19:46
36 Crazy Fists (San shi liu mi xing quan),1958-01-04 23:51:40
Zombie and the Ghost Train (Zombie ja Kummitusjuna),1883-10-18 08:34:04
Songwriter,1980-11-06 15:40:39
15,1979-03-27 22:29:55
Rebels of the Neon God (Qing shao nian nuo zha),1944-05-11 22:13:45
Cool World,1849-04-27 08:43:10
My Sassy Girl,1918-10-17 02:27:38
388 Arletta Avenue,1968-01-14 08:11:57
Bed & Breakfast: Love is a Happy Accident (Bed & Breakfast),1869-07-21 03:25:01
Arch of Triumph,1992-04-21 16:42:56
Blood Ties,1959-11-13 02:42:42
Yankee Doodle Dandy,1822-11-10 16:29:01
Riley Rewind,1852-10-09 13:13:28
Real Genius,1984-08-08 18:53:04
"Old Fashioned Way, The",1912-10-04 16:54:43
"Girl, The (Flickan)",1924-11-20 18:27:25
The Woman on Pier 13,1853-08-29 03:54:31
"Independent, The",1875-06-20 06:40:51
Stories of Lost Souls,1886-04-07 15:02:18
"Awakening, The",1970-09-01 22:30:22
Keep the River on Your Right: A Modern Cannibal Tale,2010-10-06 19:41:51
Bloody New Year,1877-08-02 02:45:22
Silent House,2015-01-09 07:09:11
Belle époque,1949-03-08 11:57:55
Elvira Madigan,1826-05-20 03:26:11
Cut-Throats Nine (Condenados a vivir),2016-09-04 07:46:54
Jaws,1913-03-11 13:50:28
Torrid Zone,1846-04-09 18:49:12
Some Girls,1940-05-12 05:12:02
"Grandfather, The (Abuelo, El)",1892-05-12 10:30:26
"Third Part of the Night, The (Trzecia czesc nocy)",1971-10-20 16:17:32
Tooth Fairy 2,1840-09-13 09:28:25
"Way, The",1907-01-10 05:00:39
"Mysteries of Pittsburgh, The",1915-05-27 06:30:34
Possession,1974-05-19 06:14:11
My Flesh My Blood (Moja krew),1926-04-23 09:59:11
Mad Dog Coll,1956-06-13 04:01:49
Watermarks,1918-11-17 10:17:02
Mr. Vampire (Geung si sin sang),1917-03-29 16:21:50
"Ladykillers, The",1933-09-11 01:57:20
Universal Soldier: Regeneration,1952-11-29 10:10:21
Minority Report,1883-11-26 22:37:46
Chalet Girl,1867-05-21 16:16:27
All About the Benjamins,1808-01-30 19:49:36
Black Dog,1875-01-10 18:13:42
Animal House,1970-11-08 21:17:37
Oh Happy Day,1921-07-09 23:52:49
Intimate Lighting (Intimni osvetleni),1899-10-31 08:44:58
Ringers: Lord of the Fans,1817-01-10 03:39:48
Boy (Shônen),2000-03-28 11:38:45
Funny Farm,1872-09-27 19:44:24
Looking for Cheyenne (Oublier Cheyenne),1862-05-21 01:24:05
Nothing Left to Fear,1883-03-07 17:24:04
Pluto's Christmas Tree,1998-08-25 02:11:20
Double Suicide (Shinjû: Ten no amijima),1915-08-25 07:53:36
Sorrow and Joy (Sorg og glæde),1878-11-08 03:58:03
Othello,1959-04-21 14:26:21
Judge Priest,1989-10-14 23:40:45
Hide and Seek,1912-07-15 23:25:15
First a Girl,1824-02-04 08:10:10
"Rocky Saga: Going the Distance, The",1884-01-02 06:24:51
Clara and Me (Clara et moi),1956-07-24 04:46:36
The Third Reich: The Rise & Fall,2010-09-06 21:03:20
Bob le Flambeur,1949-04-25 22:15:02
Jodhaa Akbar,1822-12-05 08:30:30
Into the Arms of Strangers: Stories of the Kindertransport,1897-02-12 03:25:52
Stephanie Daley,1836-01-22 02:51:05
"Mikado, The",1961-11-07 13:09:06
"Big Store, The",1900-02-13 23:55:38
"Lower Depths, The (Les bas-fonds)",2013-10-16 04:29:05
Fury,1953-11-06 09:13:12
Armour of God (Long xiong hu di),1819-11-18 11:30:02
Corto Maltese: The Guilded House of Samarkand (La maison dorée de Samarkand),1941-08-09 03:32:57
Like Water,1914-10-07 07:53:45
Hard to Hold,1851-06-12 19:09:49
Top Dog,1971-02-03 15:53:06
Shallow Hal,1805-10-05 19:22:15
"Wilby Conspiracy, The",1847-08-09 05:50:37
Funny Lady,1964-06-02 22:28:15
Desperately Seeking Susan,1839-09-17 04:03:24
"Good Thief, The",1915-12-04 18:38:07
Dischord,1934-07-14 13:39:23
Under the Stars (Bajo las estrellas),1832-09-29 02:49:41
No One Lives,1950-12-11 20:51:45
Looking for Comedy in the Muslim World,1916-04-10 05:15:11
Figures in a Landscape,1882-08-08 13:15:47
Renegades,1975-08-18 15:08:52
Hitler: A Film from Germany (Hitler - ein Film aus Deutschland),2014-10-31 20:20:53
The Beast of the City,1868-03-13 18:38:29
Blind,1848-05-05 16:06:28
Pauline détective,1957-07-11 11:51:58
"Terminal, The",1968-08-27 20:30:38
"Wooden Man's Bride, The (Yan shen)",1928-11-24 05:53:19
Sharpay's Fabulous Adventure,1874-01-22 17:30:38
Sebastiane,1847-03-01 09:41:48
Hustler White,1886-09-10 03:38:54
Berserk: The Golden Age Arc 3 - Descent,1805-10-17 14:58:13
Love Potion #9,1980-03-22 12:54:24
Slow Burn,1869-01-28 21:39:58
Cowboy,1970-05-22 12:30:30
Mad City,1905-03-26 15:07:31
Aurora,1989-02-22 20:11:30
The Dust Bowl,2005-01-30 06:56:41
Le crocodile du Botswanga,1975-10-26 22:06:31
Moment by Moment,2016-10-08 10:40:51
Protector (Protektor),1825-09-16 03:46:57
King Creole,1849-09-30 21:01:35
The White Haired Witch of Lunar Kingdom,1944-11-22 14:18:39
"Perfect Couple, A",2007-01-07 04:34:59
"Simpsons Movie, The",1887-07-15 22:58:18
Phantoms,1834-07-15 20:48:12
"Set-Up, The",1901-11-25 04:48:14
Body of Water (Syvälle salattu),1837-06-24 14:30:55
Robin Hood: Men in Tights,1984-09-03 08:06:55
Love! Valour! Compassion!,1937-03-28 11:17:38
Orphans of the Storm,1866-07-21 01:35:57
My Last Day Without You (Nie mehr ohne Dich),1880-06-27 10:45:24
"Brothers Lionheart, The (Bröderna Lejonhjärta)",1959-04-04 19:08:50
Thirteen Ghosts (a.k.a. Thir13en Ghosts),1953-12-05 07:12:22
Z.P.G.,1988-03-24 06:43:32
Wilder Napalm,1928-02-22 02:19:49
Edge of the City,1924-02-19 08:14:16
Victory Through Air Power,1980-09-18 05:16:48
You Don't Mess with the Zohan,1939-03-06 12:11:00
Forget Paris,1997-12-17 13:09:04
Good Burger,1909-05-10 03:39:47
Corn Island (Simindis kundzuli),1959-09-05 15:48:38
"Big Parade, The",1942-08-04 22:21:50
"Dispatch from Reuter's, A",1973-05-04 20:04:47
"Dove, The",1908-02-07 17:34:27
My Wife Is a Gangster 2 (Jopog manura 2: Dolaon jeonseol),1833-12-04 23:03:24
Happy Accidents,1852-09-29 16:36:40
Dodsworth,1867-10-19 15:07:39
Bomber,1836-10-22 11:46:41
Happy New Year,2015-05-06 10:50:44
Flight,1880-11-23 15:34:59
Easy Living,1827-08-22 11:08:49
"Possession of Joel Delaney, The",1985-03-02 23:23:34
Mexican Hayride,1809-04-20 18:28:30
Pooh's Heffalump Movie,1934-01-13 18:15:51
"Pope's Toilet, The (El bano del Papa)",1853-07-06 17:23:48
"Trip to the Moon, A (Voyage dans la lune, Le)",1823-09-03 23:22:28
Submarine X-1,1820-01-17 08:54:40
That Obscure Object of Desire (Cet obscur objet du désir),1834-06-29 10:32:31
D.O.A.,2016-01-27 04:38:22
"Bubble, The (Ha-Buah)",1900-12-05 01:24:03
Tell Me Something (Telmisseomding),1895-03-26 01:47:45
Mickey Blue Eyes,2009-10-11 21:40:29
Closely Watched Trains (Ostre sledované vlaky),1951-10-07 03:20:39
Mirage,1941-12-12 11:57:49
Session 9,1913-11-09 01:29:20
Bride of the Monster,1937-08-14 16:36:14
Bad Boy (Dawg),1975-07-14 23:37:31
Big Bad Mama,1848-03-24 07:11:32
Tigrero: A Film That Was Never Made,2002-06-08 01:07:44
Anne of Green Gables,1976-08-29 09:31:08
Fire in the Sky,1888-03-16 03:37:33
Creature from the Haunted Sea,1846-04-17 02:57:25
Three Seasons,1930-03-15 05:58:47
Ong-Bak 2: The Beginning (Ong Bak 2),1951-09-25 06:27:39
Tango,1938-10-23 14:12:52
Jolene,1996-01-05 20:47:00
Trance,1946-02-13 01:59:30
"Lodger: A Story of the London Fog, The",1804-11-24 17:24:26
Hercules and the Lost Kingdom,1949-07-08 12:01:36
Mega Piranha,1994-05-23 23:01:59
Coffy,1817-10-31 21:00:14
Streamers,1850-06-25 18:41:46
"Maidens' Conspiracy, The (Tirante el Blanco)",1890-04-04 06:48:23
Of Freaks and Men (Pro urodov i lyudey),1832-01-04 21:19:50
Summer in February,1908-06-11 19:11:37
Follow the Bitch,1840-05-21 08:14:24
Thampu,1818-10-20 17:02:56
Singham,2009-09-23 01:58:19
Mars,1961-01-24 15:51:20
Saving Otter 501,1903-02-17 06:27:32
Force Majeure (Turist),1918-12-16 06:34:34
Sonny,1909-11-12 15:11:36
"Saint in London, The",1891-05-08 18:33:29
"Independent, The",1883-06-05 10:54:31
Command Performance,1945-12-13 21:21:53
Back in Business,1852-04-06 08:15:43
Sleep Furiously,1801-03-05 03:03:03
"Deep, The (Djúpið)",1808-01-09 12:26:51
Blind (Beul-la-in-deu),2016-03-28 04:19:04
"Left Hand of God, The",1808-10-17 03:01:45
Gummo,1841-01-19 08:45:37
Butterflies Have No Memories,1841-07-03 02:54:44
Yumurta (Egg),1891-05-23 03:50:23
Urban Legends: Final Cut,1914-10-04 06:06:34
Let's Not Get Angry (Ne nous fâchons pas),1992-09-20 22:09:54
El Cid,1953-11-10 09:26:12
Cemetery Man (Dellamorte Dellamore),1972-08-17 08:54:32
"Formula, The",1884-02-05 13:03:12
Magic & Bird: A Courtship of Rivals,1988-07-19 23:35:47
Blue Caprice,1964-12-27 21:11:55
Black Moon,1861-09-10 09:06:19
"Craft, The",1804-12-25 15:23:18
Kevin Smith: Burn in Hell,1854-03-25 02:47:13
Unfair Competition (Concorrenza sleale),1971-07-07 17:58:48
"State Witness, The (Swiadek koronny)",2017-07-27 09:38:20
French Twist (Gazon maudit),1949-01-19 18:53:38
Last Chance,1891-12-01 02:21:47
"Sorry, Wrong Number",1842-11-08 13:11:33
Promise Her Anything,1816-11-05 13:18:35
"Return of the Prodigal Son, The (Návrat ztraceného syna)",1931-05-04 13:30:05
Meet Wally Sparks,1842-12-08 14:26:45
"Peacekeeper, The",2001-11-14 17:53:00
"Baader Meinhof Komplex, Der",1987-11-07 02:42:46
It Came from Hollywood,1828-10-08 13:18:11
Pearl Jam Twenty,1959-04-24 05:19:00
Besotted,1813-06-04 23:14:32
BURN-E,1820-06-25 22:22:32
Kidulthood,1968-05-12 20:19:05
Brooklyn Bridge,1904-11-02 19:31:55
Dynamite Girl (Dynamiittityttö),1907-03-07 07:48:00
"Brief History of Time, A",1869-10-13 18:13:25
"Nightmare on Elm Street 2: Freddy's Revenge, A",1974-04-21 18:09:39
Jacky in the Kingdom of Women,1914-01-16 17:19:42
National Security,1878-07-27 07:31:01
"Avengers, The",1848-12-04 07:37:17
Fellini's Casanova (Il Casanova di Federico Fellini),1919-04-02 01:45:17
Cast A Deadly Spell,2000-07-04 20:33:19
"Burrowers, The",1916-08-26 03:12:00
Farmer & Chase,1972-07-19 19:08:12
Midnight Movie,1831-08-30 07:56:17
Moon 44,1927-02-15 16:34:48
"War Zone, The",1937-04-08 14:48:52
Almost You,1853-01-30 04:19:19
"Happiness Is a Warm Blanket, Charlie Brown",1809-07-14 21:22:38
Insidious,1884-07-29 23:23:51
"Counterfeiters, The (Die Fälscher)",1815-11-25 21:57:43
Metalstorm: The Destruction of Jared-Syn,1855-04-26 08:13:03
"Player, The",1898-03-16 15:56:10
Navy Blues,2005-05-01 15:57:33
Baggage Claim,1941-05-12 23:02:37
Jane Eyre,1903-02-10 20:10:53
Samoure,1932-05-04 11:19:44
Trio,1892-02-16 20:37:07
Monday,1944-01-26 05:54:37
Trailer Park Boys: Don't Legalize It,1968-01-27 21:53:58
"Food, Inc.",1810-02-23 05:11:37
Port of Flowers,1926-06-16 06:57:55
"Curse of the Werewolf, The",1998-04-07 15:13:44
Hyenas (Hyènes),1968-02-19 14:58:42
Farmageddon,1984-07-22 17:14:32
It's a Bird,2004-08-05 03:31:16
Everyone's Hero,1985-06-23 16:17:58
State of the Union,1927-06-30 15:09:14
Kinjite: Forbidden Subjects,1908-08-03 16:29:58
"Wicker Man, The",1978-10-13 22:31:17
Port of Shadows (Quai des brumes),1986-04-13 00:45:44
"Amazing Adventure, The (a.k.a. The Amazing Quest of Ernest Bliss)",1988-08-12 17:00:56
"Dark Half, The",1974-07-23 11:10:34
Mr. Kinky,1988-08-04 15:27:50
Kill by Inches,1844-05-04 21:20:15
Heroine,1973-10-15 01:44:57
DNA,1901-10-02 16:20:47
Vampire in Venice (Nosferatu a Venezia) (Nosferatu in Venice),1842-09-30 09:07:55
Evenings on a Farm near Dikanka,1956-11-27 16:16:17
"Sea Hawk, The",1808-06-17 09:05:14
Je m'appelle Elisabeth,1962-12-12 06:26:49
Bandolero!,1994-10-26 08:28:54
Original Sin,1969-08-13 05:05:26
"Sweeney, The",1831-11-17 04:09:43
Premature,1859-05-11 22:06:47
This Christmas,1863-06-08 03:15:52
Joe + Belle,1895-11-16 04:37:07
El asombroso mundo de Borjamari y Pocholo,1813-09-20 02:54:45
"Days Between, The (In den Tag hinein)",1931-06-18 14:49:45
Crime Wave,1947-04-15 21:23:05
Air Bud,2016-12-09 03:32:20
Skyfall,1929-02-06 16:24:41
AmeriQua,1907-05-14 02:47:38
Sunburn,1929-06-15 01:19:12
Omagh,1848-09-23 10:02:14
Buffalo '66 (a.k.a. Buffalo 66),1957-12-06 08:34:02
Going All the Way,1965-10-01 05:30:51
Stranger on the Prowl (Imbarco a mezzanotte),1947-05-20 20:03:35
Kabul Express,1812-06-20 10:31:16
Zero Hour!,1965-12-12 06:12:37
Snakehead Terror,1914-08-13 21:40:35
My Beautiful Laundrette,1962-08-31 11:52:20
Evangelion: 1.0 You Are (Not) Alone (Evangerion shin gekijôban: Jo),1895-06-02 19:04:58
Psyhi vathia (a.k.a. Deep Soul),1904-04-06 22:16:39
"File on Thelma Jordan, The",1958-10-15 12:59:27
Sorrow and Joy (Sorg og glæde),2008-02-12 18:29:37
Molière,2012-10-13 08:10:24
Fuel,1893-10-14 03:45:05
Made,1935-05-07 20:24:44
Wizards,1910-04-08 21:20:28
McKenna Shoots for the Stars,1908-04-10 01:37:55
Elia Kazan: A Director's Journey,1837-08-06 13:45:19
Manolito Four Eyes,1977-03-03 08:07:00
Incendies,1964-09-23 07:45:46
"White, Red and Verdone",1801-01-14 00:20:42
Imaginary Crimes,1819-10-01 14:02:07
Backbeat,1912-07-27 13:22:42
Trois,1808-03-03 04:52:17
Memento,1934-09-17 09:54:07
Snow Queen,1884-12-30 07:36:11
Spellbound,1932-12-24 18:52:31
"Moment to Remember, A (Nae meorisokui jiwoogae)",2018-05-16 05:47:05
Kumaré,1909-05-22 10:54:10
Dark Eyes (Oci ciornie),1811-06-05 04:35:05
"Art of War III: Retribution, The",1971-01-29 00:02:53
Wit,1802-01-13 15:28:08
"Mirror Crack'd, The",2015-12-03 19:23:29
"Desperadoes, The",2010-05-30 23:30:24
"Food of the Gods, The",1959-12-18 17:56:57
Hour of the Wolf (Vargtimmen),1893-12-15 01:02:45
"Unforgettable Summer, An (Un été inoubliable)",1958-08-04 15:54:51
Apartment 4E ,1978-04-17 10:06:59
Love Me If You Dare (Jeux d'enfants),1940-08-29 16:25:23
Jean de Florette,2004-12-10 19:43:51
Godzilla vs. The Sea Monster (Gojira-Ebira-Mosura: Nankai no daiketto),1821-12-08 18:44:00
Tequila Sunrise,1961-09-20 00:40:20
"Love Letter, The",1856-08-27 10:35:03
"Jacket, The",1925-07-11 13:35:33
My Last Five Girlfriends,2011-02-12 15:27:01
"Brice Man, The (Brice de Nice)",1968-05-05 10:30:48
Burma VJ: Reporting from a Closed Country (Burma VJ: Reporter i et lukket land),1941-03-17 18:54:37
"Bonaerense, El",1881-01-08 17:14:21
One-Eyed Monster,1823-05-16 04:48:50
Waking Sleeping Beauty,1866-03-05 17:55:50
Biggles,1839-04-23 07:25:09
Night and the City,1957-01-18 11:54:01
Close-Up (Nema-ye Nazdik),1955-09-11 00:01:41
Deck the Halls,1916-03-09 07:07:20
"Babadook, The",1887-06-25 21:15:16
Collapse,1945-08-18 00:21:32
Bedlam,1899-09-19 06:07:46
"House on Sorority Row, The",2006-02-28 11:29:00
Illegal Tender,1964-02-01 23:33:55
Night of the Lepus,1854-05-12 02:06:26
Lethal Weapon 3,1882-07-03 22:32:45
Young Ones,1993-06-14 08:40:15
Dragon Ball: The Curse Of The Blood Rubies (Doragon bôru: Shenron no densetsu),1803-12-23 07:59:12
Face/Off,1916-11-13 11:55:55
Proof,1859-05-18 11:17:49
Redline,1809-06-18 10:07:01
Fantasy Mission Force (Mi ni te gong dui),2013-11-27 12:17:32
Blind Beast (Môjuu),1979-08-27 13:02:09
Flicker (Flimmer),1851-01-19 14:35:51
Maniac,1866-03-16 16:22:26
Anna Lucasta,1972-03-15 03:29:38
Private Benjamin,2008-08-01 05:19:58
Last Resort (National Lampoon's Last Resort),1846-10-21 16:50:58
Runaway Jury,1836-10-06 03:30:53
That's My Boy,2007-10-28 15:56:56
"Lost Weekend, The",1837-09-01 16:06:36
The Expedition to the End of the World,1950-12-21 20:34:39
Bob le Flambeur,1967-04-23 23:29:19
Eaten Alive,1993-11-24 10:37:04
Fellini's Roma (Roma),1870-06-04 22:51:41
Friday the 13th Part VIII: Jason Takes Manhattan,1881-05-19 20:17:07
"Oh, God! You Devil",1909-01-03 09:12:14
Snakes on a Plane,1936-12-16 18:04:57
Paint It Yellow (Rang De Basanti),2012-01-20 12:34:30
De la servitude moderne,2006-04-06 15:18:45
"Candidate, The",1810-02-23 14:39:29
Wrong Turn,1890-08-31 08:07:50
Wizards,2007-10-26 09:38:43
Born Yesterday,1967-09-18 20:08:16
Appleseed Alpha,1933-05-27 16:31:10
"Liberation of L.B. Jones, The",1974-07-05 07:10:27
Forever,1997-08-26 21:55:08
Stick,1833-01-15 16:47:35
Regeneration,1944-01-26 17:49:08
Dirty Ho (Lan tou He),1999-12-18 12:06:57
Ranma ½: Nihao My Concubine (Ranma ½: Kessen Tôgenkyô! Hanayome o torimodose!!),1816-09-09 22:19:57
Susan Slept Here,1980-05-05 02:28:27
"Second Woman, The",1993-08-16 23:39:49
Lotta på Bråkmakargatan,1919-12-20 04:17:57
21 Jump Street,1953-04-04 09:54:59
Tales from Earthsea (Gedo Senki),1856-03-26 14:02:36
Looper,1899-06-19 20:14:09
Running Out of Time (Am zin),1904-08-04 04:33:22
"Legend of Boggy Creek, The",1985-02-04 11:52:30
Brown of Harvard,1864-05-29 08:03:14
"Dorado, El",1953-12-10 03:22:26
Kung Pow: Enter the Fist,1852-12-08 10:05:02
Bikini Summer III - South Beach Heat,1972-07-25 16:52:40
Hungry Hill,1949-06-06 04:19:30
Borderline,1882-12-22 23:27:15
Afterglow,1814-04-21 09:27:01
"Spirit of the Beehive, The (Espíritu de la colmena, El)",1964-06-28 01:52:12
Vares: The Kiss of Evil (Vares - Pahan suudelma),1981-11-16 03:02:10
Beyond a Reasonable Doubt,1919-03-24 01:21:32
"Naked Spur, The",1811-04-10 05:18:45
Comrade Pedersen (Gymnaslærer Pedersen),1915-06-05 15:18:23
Finding Nemo,1948-03-05 08:04:47
Gia,1804-04-09 07:11:24
Cheech & Chong: Still Smokin',1878-05-01 22:12:20
Detective (Détective),1906-08-01 16:44:47
"Sport, Sport, Sport",1936-06-23 17:09:17
Death by Hanging (Koshikei),1822-12-13 00:12:08
"Third Man, The",1899-08-30 10:20:02
Good Vibrations,1847-11-07 11:46:20
Kicking and Screaming,1941-04-05 13:18:21
Abendland,1990-04-18 10:12:46
"Loved Ones, The",1916-08-16 14:43:17
Thr3e (Three),1885-04-27 19:38:13
"Year Ago in Winter, A (Im Winter ein Jahr)",1834-04-23 14:06:30
Enola Gay and the Atomic Bombing of Japan,1954-04-15 16:27:42
My Stepmother Is an Alien,1964-01-29 13:53:09
Missing William,1902-01-03 19:35:10
Half a Loaf of Kung Fu (Dian zhi gong fu gan chian chan),2010-03-22 07:57:26
They Made Me a Criminal (I Became a Criminal) (They Made Me a Fugitive),1956-04-18 23:46:25
Agora,1984-10-06 19:20:57
Howling III: The Marsupials,1921-06-04 06:13:40
40 Pounds of Trouble,1861-06-27 08:10:57
Pure,1926-07-06 02:13:36
"Another Day, Another Time: Celebrating the Music of Inside Llewyn Davis",1813-05-12 09:10:41
17 Girls (17 filles),2006-11-29 05:07:39
"Classe américaine, La (a.k.a. Le grand détournement)",1890-10-25 18:41:07
Westward the Women,1987-04-20 21:06:48
Crime Lords of Tokyo,2001-04-08 02:00:39
Bad Biology,1897-04-25 20:29:17
Patsy,1950-02-28 23:31:00
The House of Intrigue,1870-04-04 05:59:41
Jack the Bear,1833-08-11 11:46:29
Verbo,2013-05-28 20:37:17
Manderlay,1867-08-19 04:09:45
The Devil and the Holy Water,1856-02-07 09:26:43
Lethal Weapon 3,2015-09-27 10:12:51
Duel,1892-12-14 04:12:35
Sincerely Yours,1989-01-27 11:10:57
"Letter, The",1882-03-14 08:28:47
Home Movie,1873-10-22 21:06:04
Tanguy,1913-01-27 23:53:29
Pigsty (Porcile),1894-12-22 16:33:14
Battle Cry,1896-11-05 16:12:46
Toomorrow,1883-04-05 01:08:53
Wyvern,2014-09-18 07:15:17
Crash Dive,1872-06-16 02:19:41
...tick... tick... tick...,1890-11-13 08:31:49
On the Edge,1866-07-30 17:11:28
Sweeney Todd: The Demon Barber of Fleet Street,1935-05-27 14:46:22
Dance of the Dead,1845-11-30 06:18:47
Bad Girl,1975-02-19 11:58:06
Rising Sun,1843-12-27 18:45:13
Food of Love (Manjar de Amor),2012-10-02 01:08:15
Gregory Crewdson: Brief Encounters,1886-07-14 20:50:51
SUBWAYStories: Tales from the Underground,1917-03-29 16:50:39
Why Worry?,1924-04-02 11:24:00
Skinwalkers,1857-02-25 12:33:41
Look Both Ways,1849-07-22 20:33:17
Dancing Lady,1952-10-18 08:09:38
Arabesque,2008-01-27 11:15:39
Marty,1974-07-12 21:15:32
Conversation Piece (Gruppo di famiglia in un interno),1849-12-21 03:53:52
"10th Judicial Court: Judicial Hearings, The (10e chambre - Instants d'audience)",1978-12-23 11:28:18
Dear White People,1905-09-21 12:55:47
Coriolanus,1960-09-16 18:13:36
Murder She Said,1818-07-21 10:40:57
Twins,1846-12-18 22:49:49
Coffee Town,1918-11-25 05:34:18
Skenbart: En film om tåg,1948-05-24 05:35:10
200 Cigarettes,1804-06-14 18:51:19
"Last Mountain, The",1904-07-25 09:42:30
Looking for Eric,1906-10-07 07:45:30
Burnt Money (Plata Quemada),1931-09-19 17:31:37
"Injury to One, An",1842-02-05 23:39:26
Funny People,1939-05-20 07:12:19
"Creature from the Black Lagoon, The",1953-07-04 00:01:48
Escape from the Planet of the Apes,1857-04-13 08:37:26
"Company, The",1960-07-31 14:21:11
Let's Do It Again,1828-10-06 11:01:52
Rage,2002-10-08 10:17:30
"Merchant of Four Seasons, The (Händler der vier Jahreszeiten)",1869-09-09 22:39:26
Sue,1829-04-07 03:31:14
Die Fischerin,1953-07-02 18:35:10
For Your Consideration,1921-03-01 09:49:04
Welcome to Mooseport,1830-08-17 19:21:28
Megiddo: The Omega Code 2,2015-11-16 17:00:32
Besieged (a.k.a. L' Assedio),1841-04-19 22:14:20
911 in Plane Site,1959-10-14 18:38:59
Aces High,1942-05-04 11:32:10
Limuzins Janu nakts krasa,1809-08-14 05:09:13
Vali,1841-08-29 01:23:04
Romy and Michele's High School Reunion,1937-02-10 03:12:17
Cesar Chavez,1878-05-07 08:23:36
"Recruiter, The",1876-05-13 17:13:08
In Country,1895-10-14 08:30:59
Demonic,1914-04-13 10:48:06
Get Carter,1993-01-08 14:30:14
"24th Day, The",1806-12-28 03:05:00
Lightning Jack,1981-01-29 20:40:47
Okie Noodling,2013-11-27 20:26:38
Nayak: The Hero,1934-08-03 12:47:58
Crossing the Bridge: The Sound of Istanbul,1841-08-25 09:01:04
Screamtime,1980-07-10 14:20:47
Grease,1897-04-11 17:49:00
Grand Isle,1825-03-17 12:14:21
Battle Cry,1892-08-25 15:07:19
Reasonable Doubt,1888-11-15 07:15:11
Captain Phillips,1867-03-10 05:31:44
Kounterfeit,1990-10-13 17:20:31
"Fluffer, The",1880-09-20 00:00:15
Berserk: The Golden Age Arc 3 - Descent,1936-08-23 07:52:41
"Mayor of Hell, The",1936-01-18 19:20:43
Killer of Sheep,1936-11-07 09:38:34
Duelist (Hyeongsa),1826-03-13 07:51:20
Places in the Heart,1959-09-18 13:34:59
Tomie: Unlimited,1886-02-02 20:47:19
I Origins,2013-02-22 06:35:02
Margaret,1892-10-30 10:45:09
"Diary of Anne Frank, The",1943-05-26 10:25:13
The Golden Voyage of Sinbad,2002-06-20 07:09:18
Romeo and Juliet,1821-06-07 17:40:38
Honey,1906-08-03 06:08:30
Inside Daisy Clover,1991-10-22 01:03:51
"Magic Christmas Tree, The",1946-03-28 14:03:10
Connections,1859-11-13 03:52:17
Infernal Affairs 2 (Mou gaan dou II),1994-05-27 18:41:19
Wild Heritage,1921-03-25 23:17:05
Liberty Stands Still,1803-01-20 14:18:14
"Little Princess, A",1806-08-27 03:46:18
Sex: The Annabel Chong Story,1831-03-10 10:04:52
"Boy with Green Hair, The",1825-12-16 06:24:09
Beauty and the Bastard (Tyttö sinä olet tähti),1848-05-08 02:15:36
Head of State,1964-07-15 03:47:23
An Alligator Named Daisy,1801-03-23 03:30:51
It's a Wonderful Life,1934-11-23 05:39:50
Closely Watched Trains (Ostre sledované vlaky),1873-07-23 12:48:05
My Future Boyfriend,1889-11-18 17:04:38
"Little Shop of Horrors, The",1906-04-10 07:30:19
Peter Ibbetson,2015-01-15 22:22:14
Orphan,1880-07-03 13:19:44
"Puppetmaster, The (Xi meng ren sheng)",1853-02-11 00:04:21
Detroit Rock City,1906-10-03 18:04:26
Millennium,1828-08-28 09:29:37
Nanny McPhee Returns (a.k.a. Nanny McPhee and the Big Bang),1842-06-25 15:51:58
Dark Woods (Villmark),1805-03-14 00:11:05
Chiedimi se sono felice,2008-08-21 12:55:30
Mystery Date,1803-12-20 20:01:57
"Parent Trap, The",1860-12-04 11:36:50
"Skylab, Le",1969-05-20 14:26:28
Sacco and Vanzetti (Sacco e Vanzetti),1813-11-19 09:49:29
China O'Brien,1930-06-02 00:23:41
Night of Dark Shadows,1850-09-21 16:08:05
9 Songs,1939-04-29 14:37:24
"Time of the Wolf, The (Le temps du loup)",1884-06-17 17:58:40
"Town That Dreaded Sundown, The",1940-05-11 22:49:49
More Dead Than Alive,1980-09-06 20:36:09
"Twonky, The",1823-09-01 03:01:59
Take Care of My Cat (Goyangileul butaghae),1907-11-01 21:14:58
Macario,1852-02-25 02:56:29
"5 Deadly Venoms, The (Wu du) (Five Deadly Venoms)",1824-03-18 06:39:57
Summer in Berlin (Sommer vorm Balkon),1952-06-14 18:15:14
It's a Very Merry Muppet Christmas Movie,1845-07-21 11:25:11
The Vixen,1941-04-01 22:53:42
Comrade Pedersen (Gymnaslærer Pedersen),1908-03-08 16:28:05
I'm Starting From Three (Ricomincio da Tre),1898-12-03 04:04:47
Your Highness,1908-03-06 03:55:33
The Aggression Scale,2018-02-09 20:47:14
Imaginary Witness: Hollywood and the Holocaust ,1913-12-12 14:36:32
Flu Bird,1896-03-31 09:25:11
Brass Target,2003-01-07 09:12:48
The Bone Snatcher,1847-08-15 18:17:11
Belle and Sebastien (Belle et Sébastien),1945-01-02 13:11:47
The Son of the Sheik,1817-07-21 19:08:49
Carlito's Way,1889-08-22 21:59:50
Blackjack,1812-05-16 07:07:28
Fawlty Towers (1975-1979),1904-06-02 04:45:16
Pride,1895-04-22 02:30:31
Moonshot,1933-01-13 12:36:03
"Adventures of Mary-Kate and Ashley, The: The Case of the United States Navy Adventure",1813-02-28 21:05:27
"Fortune, The",1811-05-21 13:57:19
Hudson Hawk,1856-08-08 01:17:22
Modesty Blaise,1837-10-20 03:02:49
See How They Fall (Regarde les hommes tomber),1956-11-16 01:00:46
I Hope They Serve Beer in Hell,1967-09-04 15:07:05
Visioneers,1994-01-10 05:40:03
Madeline,1970-03-12 18:15:13
StarStruck,1943-08-05 16:59:18
Hangtime - Kein leichtes Spiel,1809-09-07 06:00:43
Just Add Water,1950-11-18 18:41:21
Aragami,1807-01-24 02:13:46
"Firemen's Ball, The (Horí, má panenko)",1850-04-20 20:53:31
"Three Musketeers, The",1887-01-28 21:08:47
"Ear, The (Ucho)",1955-06-19 01:18:03
Miss Météo,2011-12-19 13:10:34
Chinese Roulette (Chinesisches Roulette),1955-12-01 11:24:34
Thirty Day Princess,1851-04-15 19:54:09
Russendisko,1858-02-15 16:44:17
Legend of the Village Warriors (Bangrajan),1833-12-31 20:25:35
In the Beginning (À l'Origine),1957-11-29 09:31:04
To Be Twenty,1937-02-05 17:01:25
"13th Warrior, The",1959-04-21 07:45:46
Murphy's Law,1948-04-26 10:37:12
"Salton Sea, The",1841-09-21 22:43:25
"Mother, I Love You",1821-06-10 13:53:57
How to Get Ahead in Advertising,1899-12-18 21:56:11
Mr. Thank You (Arigatô-san),1820-05-26 13:39:36
"Manson Family, The",1857-11-14 15:44:14
Elephant White,1819-11-22 19:59:05
Santa Fe Trail,1814-09-18 04:11:00
"Bullet for the General, A (Quién Sabe?)",1889-01-18 19:15:48
Lady in the Water,1968-02-27 06:39:48
Hope Springs,1852-07-05 22:15:09
"Milky Way, The",1923-06-01 04:33:20
Cheeky Girls,1989-12-21 13:33:03
No Man of Her Own,1944-07-20 12:58:00
Happy Birthday to a Beautiful Woman,1824-10-01 06:04:24
Epidemic,2015-01-21 07:56:50
Rasen,1953-11-29 20:13:59
How to Train Your Dragon,1987-09-19 09:11:38
Gothic,1883-02-12 05:20:30
Club Fed,1830-09-19 14:45:29
Monkey Business,1834-08-04 15:12:11
Tromeo and Juliet,2012-10-12 13:02:46
Death In Love,1880-07-27 09:35:37
Miami Blues,1995-04-19 16:41:43
"Eye for an Eye, An (Oeil pour oeil) (Eyes of the Sahara)",1816-04-20 15:13:51
Julia,1965-09-25 04:16:13
Spine Tingler!  The William Castle Story,1917-12-22 12:43:00
Charlie Chan at the Race Track,2002-04-13 18:44:50
Absentia,1843-06-24 22:33:21
Home Alone: The Holiday Heist,1807-08-27 09:36:17
"Take Care of Your Scarf, Tatiana (Pidä huivista kiinni, Tatjana)",1979-05-10 02:57:41
Paraíso Travel,1849-09-08 17:08:18
Afstiros katallilo,1815-10-03 10:17:05
How Stella Got Her Groove Back,1917-04-06 19:39:54
Room Service,1801-03-06 07:51:21
"Ascent, The (Voskhozhdeniye)",1833-09-21 12:49:17
Soldier's Girl,1945-05-21 19:49:20
"Man, The",1818-03-13 10:41:58
Michael Jackson's This Is It,1893-05-20 22:24:18
"War Zone, The",1851-10-07 07:27:06
Homefront,1957-10-26 07:18:53
"Beginner's Guide to Endings, A",1951-12-30 16:30:33
"Bullfighters, The",1809-08-10 22:25:46
"Rocketeer, The",1908-05-03 17:06:01
Space Is The Place,1821-01-05 11:30:04
"Big Combo, The",1877-03-06 21:27:45
The Anderssons in Greece: All Inclusive,1829-03-08 17:50:08
Whatever Happened to Harold Smith?,1815-02-23 18:09:03
HE Who Gets Slapped,1847-12-26 18:15:46
The Apocalypse,1804-08-20 09:37:15
Monsieur Vincent,1818-07-10 07:30:00
Nina Takes a Lover,1834-07-09 03:18:31
More Wild Wild West,1927-05-27 07:39:08
"Red Balloon, The (Ballon rouge, Le)",1926-10-16 15:16:18
Faces of Death 2,1820-10-31 05:22:34
Mondo,1978-11-29 00:46:34
"Marcello Mastroianni: I Remember Yes, I Remember (Marcello Mastroianni: mi ricordo, sì, io mi ricordo)",1835-01-12 21:53:42
Calamity Jane,1840-03-23 16:10:20
"Sugar Curtain, The (El telón de azúcar)",1963-12-24 13:32:23
Escape Me Never,1816-12-10 15:24:20
Executioners from Shaolin,1848-06-21 18:10:29
"Mummy, The",1914-12-25 07:09:00
Poltergeist,1968-10-17 05:26:29
Dawn of the Planet of the Apes,1861-03-26 07:58:28
Fallen,1925-12-10 04:05:57
"See Here, Private Hargrove",1937-02-20 17:49:42
Tetsuo III: The Bullet Man,1823-04-15 06:36:07
Chiko,1856-09-15 14:40:56
Moon of the Wolf,1959-02-21 22:03:19
"Swades: We, the People (Our Country)",1964-04-12 09:22:08
"Clock, The",1912-10-23 08:09:28
Grand Theft Auto,1901-05-12 04:28:09
Two Times Lotte,1971-06-26 03:38:16
Child's Play 3,1850-04-22 16:54:40
Howling II: Your Sister Is a Werewolf,1823-01-03 08:12:54
How to Eat Fried Worms,1992-02-10 05:03:00
28 Hotel Rooms,1967-01-30 14:04:01
"Boxer, The",1950-02-19 03:16:30
Mélo,1931-07-23 02:34:26
My Bollywood Bride,1803-04-30 01:32:02
Destroy All Monsters (Kaijû sôshingeki),1830-08-12 09:22:51
Bring It On: In It To Win It,1873-08-21 11:11:12
No Exit (Huis clos),1804-08-27 11:16:29
"Summer's Tale, A (Conte d'été)",1815-10-25 10:03:00
Fury,1919-07-26 09:53:34
Wallace & Gromit: A Close Shave,1878-10-15 01:01:05
"Mill and the Cross, The",1994-03-09 00:07:33
Confessions of a Window Cleaner,1822-11-29 05:06:54
Everything You Always Wanted to Know About Sex * But Were Afraid to Ask,2007-02-02 02:56:03
Aaltra,1906-05-29 20:09:06
Just Another Love Story (Kærlighed på film),1999-12-26 00:08:41
Burglar,1895-10-19 07:00:20
Sergeant Körmy and the Underwater Vehicles (Vääpeli Körmy ja vetenalaiset vehkeet),1973-09-08 05:28:03
April in Paris,1820-01-04 17:36:23
Interkosmos,1961-05-29 15:37:52
Trailer Park of Terror,1815-09-23 20:41:09
Seems Like Old Times,1819-07-16 12:57:59
"Spanish Apartment, The (L'auberge espagnole)",1836-03-12 23:38:26
"Man Without a Past, The (Mies vailla menneisyyttä)",1896-10-20 18:54:19
Atlantis: Milo's Return ,1836-01-21 13:32:41
Rid of Me,1814-09-07 15:10:51
"All Together, The",1973-02-20 05:42:53
Mystics in Bali (Leák),1969-01-27 02:33:22
Fantasy Mission Force (Mi ni te gong dui),1839-07-25 07:58:50
Step Up,1876-02-20 15:12:55
Hell Town (Born to the West),1872-08-12 01:42:32
A Cry in the Wild,1899-05-29 07:07:53
Shame,1801-07-11 16:27:37
"Naked Civil Servant, The",1987-01-31 02:20:28
Moonrise Kingdom,1957-07-06 13:11:11
It's All About Love,1813-01-22 11:28:39
Cialo,1987-10-23 12:00:59
Moebius Redux: A Life in Pictures,1905-12-02 02:13:24
"Road, Movie",1838-04-27 14:53:14
"White Balloon, The (Badkonake sefid)",1937-08-15 17:19:41
Black Sunday,1843-05-27 21:49:49
Wild River,1901-04-05 04:14:38
"Reckoning, The",1963-08-05 03:25:43
"Alibi, The (Lies and Alibis)",1908-05-04 09:13:12
Logan's Run,1989-12-20 11:57:20
JCVD,1828-05-30 16:34:50
Beyond the Black Rainbow,1983-11-16 18:08:08
"Ice Harvest, The",2001-09-14 15:41:45
Zombie Holocaust (a.k.a. Doctor Butcher M.D.) (Zombi Holocaust),1825-05-02 00:49:48
No Nukes,1843-09-14 11:41:17
"Beautiful Life, A",1972-05-19 18:07:58
"Manhattan Project, The",1897-03-27 01:37:32
Gidget,1815-01-27 16:26:12
Johnny Cash at Folsom Prison,1973-04-08 14:26:44
Life After Beth,1876-05-06 14:03:56
"Lost Boys, The",1901-12-20 06:35:31
"Cell 2, The",1879-11-07 19:15:12
Breakfast of Champions,1913-04-23 05:17:05
Amber Alert ,1854-08-03 09:27:44
"Sound of Thunder, A",1872-01-25 07:10:59
Reel Injun,2000-02-05 10:35:36
Jerry and Tom,1872-08-28 13:36:31
Boarding Gate,2003-10-01 07:15:17
My Beautiful Laundrette,1870-11-11 07:52:41
Killer McCoy,1849-03-09 02:47:53
Wonder Woman,1929-06-10 14:29:10
"Bride Wore Black, The (La mariée était en noir)",1860-11-24 02:58:47
"Era of Vampires, The",1980-11-30 01:08:47
Divorce - Italian Style (Divorzio all'italiana),1814-02-04 18:46:57
"Adventures of Prince Achmed, The (Abenteuer des Prinzen Achmed, Die)",1930-02-28 16:16:37
Live Wire,1907-06-15 03:05:48
Tea with Mussolini,1855-01-23 06:41:06
Zone Troopers,1829-02-07 23:34:35
Brothers in Trouble,1918-02-24 01:43:08
Untamed Youth,1902-03-28 13:43:45
Japanese Summer: Double Suicide (Muri shinjû: Nihon no natsu),1929-06-03 14:53:55
Frida,1847-09-18 05:59:45
TiMER,1949-01-08 00:31:05
Sunset Blvd. (a.k.a. Sunset Boulevard),1814-08-31 17:09:47
"Experience, The (Tadjrebeh)",1981-03-05 14:37:59
"Brothers Lionheart, The (Bröderna Lejonhjärta)",1926-03-27 12:12:47
24 City (Er shi si cheng ji),1938-06-28 17:47:49
Wild Beasts (Wild beasts - Belve feroci),2000-01-14 08:09:17
Diplomatic Siege,1936-12-02 07:48:36
Escape from New York,1959-09-27 15:25:52
My Name Is Nobody (Il Mio nome è Nessuno),1822-10-29 00:48:37
"Home of Our Own, A",1909-08-11 21:20:24
Rude,1884-04-07 12:16:25
Sunday,1894-02-22 21:42:44
"Main Event, The",1962-05-13 18:49:03
"Story of Esther Costello, The",1805-06-02 13:50:22
Act Da Fool,1831-06-26 05:56:58
Different for Girls,1911-08-22 06:48:04
Vivacious Lady,1819-06-10 02:15:40
Mulan,1951-02-04 08:16:19
"Few Best Men, A",1852-04-24 14:48:25
From Here to Eternity,1986-08-01 15:34:44
Tropical Fish (Re dai yu),1883-07-20 06:52:57
"Education, An",1824-06-18 15:48:31
Compliance,1962-01-17 02:57:59
Blood Feast,2011-04-01 06:14:33
"Toy, The",1805-12-22 21:47:27
Hush!,1856-05-28 17:12:15
Shirin,1963-02-10 19:08:27
All American Orgy (Cummings Farm),1975-11-08 20:44:14
Flower in Hell (Jiokhwa),1983-03-20 18:51:52
Poltergeist III,1987-03-15 16:01:33
Battle of the Warriors,2003-06-05 21:57:42
Kaksparsh,1828-07-15 03:58:46
Lap Dance,1994-05-18 01:41:02
Unfaithfully Yours,1945-03-07 06:33:48
The Living Idol,2017-09-05 16:49:26
Recollections of the Yellow House (Recordações da Casa Amarela),1869-11-11 06:37:19
Codebreaker,1850-03-29 05:20:09
Funny Games,1805-10-26 07:42:02
"Clairvoyant, The",1880-07-30 01:53:37
"Chicago 8, The",1876-10-17 14:46:23
"Good Man in Africa, A",1962-11-03 04:38:07
Welfare,1814-09-07 23:25:16
The Fat Albert Halloween Special,1845-07-28 10:40:31
Bananas!*,1998-07-06 12:23:22
Brutal Relax,1919-10-27 23:29:04
The Auction,1960-03-09 23:25:11
Mais qui a tué Pamela Rose?,1957-12-06 07:32:00
Platinum Blonde,1906-11-06 09:48:24
"Fight, Zatoichi, Fight (Zatôichi kesshô-tabi) (Zatôichi 8)",1891-01-16 23:28:56
Bruna Surfistinha,1965-03-15 21:55:18
"Stolen Life, A",1962-05-03 19:31:33
My Family,1946-10-01 06:49:30
"Great Stone Face, The",1851-03-13 11:30:30
"Tempest, The",1987-12-21 16:45:23
Mrs. Soffel,1993-11-30 05:48:27
Antitrust,1864-03-03 13:56:15
"Viking, The",1890-08-27 11:33:30
Down and Out with the Dolls,1959-07-28 16:00:53
Love Is Colder Than Death (Liebe ist kälter als der Tod),1832-06-07 18:16:22
Ziggy Stardust and the Spiders from Mars,1969-10-13 16:22:55
"Furies, The",2014-07-31 18:32:37
Naked in New York,1856-05-18 22:59:35
"Many Adventures of Winnie the Pooh, The",1995-06-05 05:56:04
Comic Book Confidential,1996-08-14 11:48:55
Indecent Proposal,2011-09-05 20:29:23
The (Dead Mothers) Club,1927-03-19 16:08:15
Suddenly (Tan de Repente),1814-02-24 23:27:07
Hôtel du Nord,1913-06-07 09:31:44
Frankenweenie,1951-10-20 08:06:12
Pandora's Box (Pandora'nin kutusu),1931-12-02 06:09:20
Nina Frisk,1900-11-06 16:16:44
Dinosaur,1939-02-24 17:37:48
Zift,1862-11-27 21:37:55
Beautiful City (Shah-re ziba),1910-10-01 01:42:51
Nina's Heavenly Delights,1972-01-16 18:15:03
"Cimarron Kid, The",2009-02-11 21:37:05
"Chapman Report, The",1820-09-02 10:57:22
"What's in a Name (Prénom, Le)",2008-07-31 11:35:25
On a Clear Day,1871-02-07 09:59:14
Caterina in the Big City (Caterina va in città),1904-08-16 08:34:07
Circle of Friends,1863-11-27 20:58:03
Midnight Clear,2012-06-01 04:48:43
Ice Age 2: The Meltdown,1843-01-29 08:30:25
Foxes,2006-05-14 14:24:29
Tinker Tailor Soldier Spy,1992-06-19 09:22:58
Grumpier Old Men,1876-02-09 12:02:45
Fun,1879-01-28 11:36:36
"Teahouse of the August Moon, The",1836-11-23 14:07:32
Goodbye Uncle Tom,1996-09-30 04:59:52
Day of the Dead 2: Contagium,1953-08-24 18:11:28
'Til There Was You,2006-02-15 08:06:37
"Asphalt Jungle, The",1863-02-02 16:20:20
Mirage,1948-07-30 08:28:58
16 Years of Alcohol,1976-05-15 02:08:27
Ken Park,1804-12-15 17:42:57
Tinpis Run,1843-07-28 06:32:11
Slumdog Millionaire,2000-06-23 09:34:59
"Long and Short of It, The",1812-04-12 03:18:56
Hold That Ghost,1803-09-25 03:20:52
St. Elmo's Fire,1932-03-10 05:01:05
Light Years Away,2008-03-19 17:30:31
"One Percent, The",1858-11-20 07:03:54
Charlie Chan in Panama,1938-11-11 17:58:26
"Freshman, The",1851-12-24 06:22:16
"Bat People, The",2017-06-05 09:03:22
"Union: The Business Behind Getting High, The",1967-07-11 16:25:46
"Celebration, The (Festen)",2008-12-11 22:58:03
Crocodile Dundee,1912-05-27 17:35:02
Beyond the Walls (Hors les murs),1902-12-17 18:32:15
The Vixen,1860-01-23 10:28:59
How the West Was Won,1955-05-16 19:38:00
"Lords of Discipline, The",1984-12-26 07:23:53
Paheli,1983-09-09 11:49:36
Abraham Lincoln: Vampire Hunter,2012-03-12 08:29:37
Hudson Hawk,1892-07-18 02:01:33
Martín (Hache),1956-04-29 16:13:30
Teacher's Pet,1874-02-15 13:19:52
"Parallax View, The",1864-07-20 00:23:52
Still Alice,1964-03-24 22:04:13
Fandry,1853-08-01 17:58:47
"King of Masks, The (Bian Lian)",1955-05-26 19:00:16
"Scarlet Pimpernel, The",1938-04-07 07:35:46
Short Time,1998-08-06 13:31:19
