name,id_owner
a suscipit nulla elit ac,1784
sociis,1242
molestie sed,1667
aliquet massa id,931
primis in,1040
laoreet ut rhoncus aliquet,1782
odio justo sollicitudin,1777
ut blandit non interdum,808
etiam,302
a suscipit nulla elit,672
id sapien in,67
quis,65
rhoncus aliquet pulvinar sed nisl,1891
gravida,636
consequat,89
sem praesent,1853
consequat metus,491
hac habitasse platea dictumst,414
vehicula condimentum curabitur in libero,1646
sit amet turpis elementum,1743
proin eu mi nulla ac,199
tristique est et,1826
velit donec diam neque vestibulum,770
mi,1717
in,663
nibh ligula,1151
ipsum,1726
volutpat eleifend donec,598
lacinia sapien quis libero nullam,1728
nulla pede ullamcorper augue a,1709
mauris laoreet ut rhoncus aliquet,1992
tortor eu,1110
pede justo,70
sapien urna,329
velit donec,240
duis at velit eu,1741
eleifend luctus ultricies eu,404
et commodo vulputate justo,22
nec condimentum,1826
volutpat quam pede lobortis ligula,46
in faucibus orci,506
semper sapien a,1512
augue,1815
mauris,1830
nulla facilisi cras,1632
convallis eget eleifend luctus,1012
eleifend donec,917
eros elementum pellentesque quisque,198
duis aliquam convallis,11
sed sagittis nam congue risus,346
tincidunt,32
justo lacinia,1207
sit amet justo morbi,1157
sed magna at,1777
integer,1162
magna,1352
turpis adipiscing,1917
suscipit a feugiat et,1631
vel lectus,1479
vel augue vestibulum ante ipsum,1711
maecenas tristique est et tempus,1085
dui,984
rutrum at lorem integer,112
vestibulum rutrum rutrum neque aenean,280
nulla quisque arcu,1582
neque vestibulum eget,1602
at nibh in,805
purus sit amet nulla,1347
et magnis,1703
vel augue,91
sem mauris laoreet ut,1192
nullam,1757
ut massa volutpat convallis morbi,1770
sapien ut,206
hac habitasse platea dictumst etiam,34
porta volutpat,1719
morbi vestibulum,1751
id pretium iaculis diam,658
dis,1238
arcu sed augue aliquam erat,914
eleifend quam a,1437
lobortis ligula sit,1413
at nulla suspendisse,1764
volutpat sapien arcu sed augue,792
velit,663
tortor duis mattis,1698
dis parturient montes,1969
augue luctus tincidunt,336
posuere cubilia curae,303
suspendisse,198
tempor,915
ante vestibulum ante ipsum,126
nisl,176
morbi a,946
ut odio cras mi pede,194
adipiscing elit proin,1031
molestie sed justo pellentesque,1140
quis lectus suspendisse potenti,475
tellus semper interdum mauris,379
maecenas leo odio condimentum,1024
pede venenatis,917
cubilia curae,683
montes,1567
sit amet sem,1532
nulla mollis molestie lorem,698
sapien,377
integer ac neque duis bibendum,645
sed magna,609
ac nibh,434
justo lacinia eget tincidunt eget,457
justo aliquam quis turpis eget,1379
nec nisi vulputate nonummy maecenas,882
scelerisque mauris,209
tempus vel pede,752
duis mattis egestas,339
et ultrices posuere cubilia curae,1402
sed augue aliquam erat,299
molestie nibh in,1926
congue diam id ornare imperdiet,1916
nam tristique,1535
eu orci mauris lacinia sapien,134
nulla suscipit ligula,388
orci,881
dolor quis odio consequat varius,890
id,1206
ipsum primis in faucibus,1866
eget eleifend,1002
nullam varius nulla facilisi cras,1990
ligula suspendisse ornare consequat,288
phasellus id sapien in sapien,1378
nullam varius,1028
nascetur ridiculus mus etiam,546
in,635
convallis eget eleifend luctus,801
augue quam sollicitudin vitae,1451
accumsan,1101
et ultrices posuere cubilia curae,1699
ut erat id mauris vulputate,1504
hac habitasse platea,1632
id,1627
et ultrices posuere cubilia curae,1487
lacinia erat,1664
sit amet eleifend pede libero,1489
lacus morbi sem mauris laoreet,1648
facilisi cras non,1383
neque vestibulum,377
nam ultrices libero non,370
dolor sit,226
sit,1225
euismod,258
hac habitasse platea dictumst,148
luctus nec molestie sed,775
feugiat non,1566
fusce congue,1615
elit ac nulla sed,302
aliquet pulvinar sed,1830
vulputate nonummy maecenas,650
pellentesque volutpat dui,1757
eget,502
elementum,672
condimentum id,141
integer tincidunt ante,1609
imperdiet et commodo vulputate,240
tortor risus dapibus augue vel,1433
rutrum,501
nullam orci,473
fusce,1426
pellentesque viverra,248
eget eros elementum pellentesque,1518
libero non,894
lacinia erat vestibulum sed magna,1910
congue elementum in,900
risus dapibus,1740
est lacinia,185
in felis eu sapien,1414
quis lectus,227
sit amet eros,1353
auctor sed,1617
nunc vestibulum ante ipsum,815
pellentesque,62
felis sed interdum,1112
elementum eu interdum eu,1552
nisl ut,469
interdum,217
interdum mauris,1453
posuere felis,555
nec condimentum neque sapien,1369
interdum mauris non ligula,1047
blandit ultrices enim lorem,1844
magna at nunc commodo placerat,1930
erat,1501
sed magna,247
erat,1361
sit amet nulla,1342
ligula vehicula consequat morbi a,1088
morbi non quam nec,678
nunc nisl duis bibendum felis,266
nisl venenatis lacinia aenean,820
urna pretium nisl ut volutpat,725
consectetuer adipiscing elit,685
massa id nisl venenatis,155
risus semper porta,1724
dui maecenas tristique,86
non mauris,322
vestibulum sagittis sapien cum,1321
congue eget semper rutrum nulla,1460
mi sit,206
mattis odio,1611
non lectus aliquam sit amet,822
fusce consequat nulla nisl,1852
nam,1026
blandit lacinia erat vestibulum,1112
sapien iaculis congue vivamus metus,793
praesent blandit,415
platea dictumst,384
lectus in est,1556
rhoncus,1059
suspendisse ornare consequat lectus,594
ante ipsum primis in,182
vel,875
turpis donec posuere,1348
tincidunt,185
posuere felis,1576
erat quisque erat eros viverra,944
convallis nulla neque,417
in,1411
justo etiam pretium,1452
luctus cum sociis natoque penatibus,653
quis libero nullam sit amet,1619
eu tincidunt in leo maecenas,990
orci,285
sed justo pellentesque viverra,1482
aliquet at feugiat non,1160
rutrum rutrum neque aenean auctor,176
elementum nullam varius,786
ut massa quis augue luctus,143
rhoncus sed,559
porttitor id consequat,1334
erat quisque,1606
in consequat,76
convallis nunc proin,546
consequat varius integer ac leo,1400
pede malesuada,129
in faucibus orci,608
commodo vulputate justo in blandit,1217
vitae nisi nam,1388
nulla sed vel enim,1542
lobortis sapien,1354
vestibulum rutrum rutrum neque aenean,903
tristique fusce,1707
metus,723
arcu adipiscing,1957
sit,1920
aliquam erat,1531
sit amet nunc viverra dapibus,1992
suspendisse potenti nullam,1193
orci,1725
quis libero nullam,1479
eget vulputate,1782
purus phasellus,1290
dui maecenas,197
integer ac neque duis bibendum,533
nisl duis,405
vestibulum,1
non mi integer ac neque,656
justo sit amet,1351
vivamus in felis eu sapien,1350
consequat metus sapien,1693
porttitor pede justo eu,1750
suspendisse,873
sapien arcu sed augue aliquam,1593
vulputate elementum nullam varius nulla,1466
praesent blandit lacinia,622
molestie nibh in lectus,1480
posuere felis sed lacus morbi,1892
tellus in sagittis dui vel,1417
odio,761
faucibus,1285
amet,1362
neque libero,1662
dolor vel,205
nisl,243
pede justo lacinia eget,1999
lorem id ligula,396
mauris laoreet,1632
cum sociis natoque penatibus,143
nibh fusce lacus purus aliquet,1701
volutpat convallis,1337
viverra eget congue eget,776
platea,38
pharetra,108
lacus at turpis donec,1101
faucibus,1914
id,762
donec semper,1343
euismod scelerisque quam turpis,317
a suscipit nulla elit ac,102
nisi nam,438
vel nulla eget eros elementum,776
ridiculus mus etiam vel,616
vestibulum sed magna at nunc,1347
ligula in lacus curabitur at,674
luctus ultricies eu,1818
dolor quis odio consequat varius,631
erat volutpat in congue,1184
donec,1064
vel est donec odio justo,1877
in eleifend,310
quam,468
orci nullam molestie nibh,442
sapien dignissim vestibulum vestibulum,1045
nibh,1310
amet cursus id,1459
dapibus at diam nam tristique,19
pretium iaculis,1538
justo lacinia eget tincidunt eget,1766
vivamus vestibulum,222
integer ac leo pellentesque,1835
sit amet erat nulla tempus,1948
eu,730
aliquet maecenas leo,1424
a,1744
leo odio condimentum,685
ut nulla sed,1729
quam fringilla,789
sodales scelerisque,1725
risus praesent,1050
nullam porttitor lacus at turpis,1453
imperdiet et,1048
posuere cubilia curae,1523
lectus suspendisse potenti in,1239
ut nunc vestibulum ante ipsum,348
mattis pulvinar,966
mauris morbi non,907
nunc donec,97
id nulla ultrices aliquet maecenas,332
ultricies eu nibh,1556
ut nunc,1785
ipsum primis in,921
bibendum morbi,1826
phasellus sit amet erat,409
ut,1794
tellus nisi eu,279
a nibh in quis,582
enim in tempor,1654
libero rutrum ac,1125
at velit vivamus vel,503
lacus at turpis,1881
ridiculus,649
justo in hac habitasse,1040
nibh in lectus pellentesque,1965
purus sit,427
cubilia curae mauris viverra,1997
at turpis a pede posuere,174
amet nulla quisque arcu libero,1242
ipsum,1268
maecenas rhoncus aliquam lacus morbi,1697
cubilia curae nulla,980
at vulputate vitae nisl,521
blandit,953
aenean auctor gravida,1983
sit amet turpis,335
non,369
maecenas tincidunt lacus,1193
ipsum primis in faucibus orci,914
lorem,1298
semper rutrum nulla,1500
elementum,1630
bibendum felis sed interdum,270
id,889
rhoncus dui vel sem sed,1308
orci,963
phasellus id sapien in,714
magna vestibulum aliquet ultrices,167
varius integer ac leo pellentesque,743
non pretium quis lectus suspendisse,1730
nisi eu,476
curae donec pharetra magna,291
nullam orci,113
sit amet,1462
eget eleifend luctus,118
leo pellentesque ultrices,1255
pellentesque ultrices phasellus id sapien,773
nisl venenatis lacinia aenean sit,1829
pellentesque eget nunc,1604
feugiat et eros vestibulum,1885
a odio in hac,852
nec condimentum neque,383
sem sed sagittis nam congue,362
aliquet maecenas leo odio condimentum,501
iaculis diam erat fermentum justo,961
duis consequat dui,1319
a pede posuere nonummy integer,361
elementum pellentesque quisque porta volutpat,569
vel,1313
eros,967
praesent id massa id,190
condimentum neque sapien placerat ante,1499
fermentum donec ut,1779
donec diam neque,462
in congue etiam justo,626
proin,1696
tristique fusce congue diam id,356
blandit nam,1580
et ultrices posuere cubilia curae,900
interdum venenatis turpis,1928
non lectus,1989
nec,1286
morbi sem mauris laoreet,1985
nisi nam ultrices libero non,450
ultrices enim lorem ipsum dolor,750
non,1975
auctor gravida,1385
pede,1869
habitasse platea dictumst maecenas ut,1866
nunc,148
duis consequat dui,1976
mattis nibh ligula,814
lorem ipsum dolor sit,1074
pede,1486
fermentum,1951
elementum eu interdum eu,1807
feugiat non pretium quis lectus,1685
tincidunt nulla mollis molestie lorem,743
duis aliquam convallis,104
pede,1884
nibh,1956
nisl venenatis,337
at velit,223
dapibus at diam nam tristique,1987
ut,1415
nulla pede,136
vestibulum eget vulputate ut ultrices,1806
turpis elementum,1357
et magnis dis parturient montes,1299
interdum eu,1189
erat volutpat in congue etiam,830
nunc,1004
in leo maecenas pulvinar lobortis,1237
nulla suscipit ligula in lacus,39
lacinia nisi venenatis tristique fusce,733
ipsum integer a nibh,741
ante vestibulum ante ipsum primis,534
consequat,1554
mauris enim leo rhoncus sed,1966
praesent blandit lacinia erat,1692
sagittis,1515
sapien cum sociis natoque,1240
cum sociis natoque penatibus,719
sapien non mi integer,384
sociis natoque penatibus et,446
non interdum in ante,1730
odio cras mi,1188
faucibus accumsan odio curabitur convallis,37
lacinia erat,1568
in blandit ultrices,1676
dui maecenas tristique est et,1693
orci mauris lacinia sapien,42
lorem ipsum dolor sit,1319
turpis donec posuere metus vitae,1781
duis aliquam convallis nunc,1570
ornare consequat lectus in est,603
ultrices phasellus id,1267
eros suspendisse accumsan tortor quis,403
ut,356
augue luctus tincidunt nulla,186
pede lobortis ligula,1775
lorem,1761
amet,1634
congue diam id,1344
in,1764
adipiscing molestie,269
tortor sollicitudin mi,1627
lectus vestibulum quam sapien varius,1250
turpis,1500
ac diam cras,1618
lectus in est,752
volutpat convallis morbi odio,940
vel,110
cras pellentesque,363
molestie lorem quisque,540
feugiat non pretium quis,1021
at turpis donec,410
nulla sed,1270
faucibus orci luctus et ultrices,969
pellentesque volutpat dui maecenas tristique,1971
augue vel,1874
odio condimentum id luctus nec,1044
nulla sed,279
viverra dapibus nulla suscipit ligula,760
justo nec condimentum neque,1447
imperdiet et,875
vestibulum,1119
dolor vel est,12
nulla neque,622
pretium nisl ut,1883
rhoncus mauris enim leo,1556
consequat,871
fusce congue,243
interdum venenatis,1505
dis parturient montes nascetur,410
molestie sed justo pellentesque,1901
tortor,1193
auctor sed,847
id ornare imperdiet sapien urna,666
dapibus dolor,1425
quam,587
pulvinar lobortis,964
diam erat fermentum,1780
in lacus,972
aenean lectus,1917
velit id pretium iaculis diam,1302
urna pretium,1095
dis parturient montes,55
sociis,291
ultrices,1880
vel,1478
mi integer,265
diam,664
in porttitor,477
turpis,1806
eros suspendisse accumsan,651
dui,1526
ac tellus,1530
cras in purus,886
non,1743
quisque erat eros viverra,1884
tincidunt lacus at,246
suspendisse potenti,912
sociis natoque penatibus et,13
fringilla,1611
integer tincidunt ante,1956
curae,933
tellus nisi eu orci,787
nisl aenean lectus,491
ac leo,336
id,102
mattis egestas,1002
in blandit ultrices enim,1064
vulputate vitae nisl aenean,222
accumsan felis ut at dolor,1880
dui,1789
dictumst maecenas ut massa,319
ultrices aliquet maecenas,1031
mollis molestie lorem quisque ut,491
nisl,473
volutpat,262
ultrices phasellus id,654
eros viverra eget congue eget,1815
vivamus vel nulla,125
ultrices,1321
rhoncus aliquam,1839
condimentum,845
vivamus vestibulum,256
dolor,577
erat curabitur gravida,414
nisi nam ultrices libero non,1129
non velit,9
nam tristique,1050
ligula nec sem duis aliquam,1092
molestie hendrerit at,250
nisl duis ac nibh fusce,1400
curae donec pharetra magna,687
quis,123
cum sociis natoque penatibus,1270
in,171
cum sociis natoque,1475
porttitor,622
pretium,610
morbi ut odio cras mi,1307
at diam nam,832
est lacinia,709
morbi vestibulum,1068
tortor risus dapibus,1696
sagittis sapien cum sociis,1092
eu interdum eu tincidunt,1596
dapibus at,1028
adipiscing molestie hendrerit at vulputate,1385
tellus in sagittis,270
erat eros viverra,235
nulla sed vel enim sit,1469
nulla nisl nunc nisl,1707
duis,610
volutpat quam,990
eu est congue elementum in,503
luctus tincidunt,1964
rhoncus dui vel sem,1863
ornare,1492
consequat dui,1378
nulla sed,274
lectus in quam,274
pede posuere nonummy,181
praesent id massa id nisl,1218
ipsum ac,1206
ridiculus,37
pretium nisl,39
at nulla suspendisse potenti cras,1400
tristique,850
nunc donec quis orci,1315
quisque,1265
velit nec nisi vulputate,771
vivamus vel nulla,1194
platea dictumst etiam faucibus,152
id massa id,404
vel,1647
justo morbi ut odio cras,1161
pede,461
fermentum,1750
non mattis,417
integer aliquet massa id,1324
neque vestibulum eget vulputate,1297
penatibus et magnis dis parturient,1255
eget,241
proin at turpis a,728
diam cras,753
vulputate vitae nisl,1266
tincidunt eget tempus vel,467
eget semper,1525
nulla nunc,1724
enim in tempor turpis,1596
at dolor quis odio,1168
in libero ut massa,662
nam ultrices libero,1734
congue risus semper,453
porttitor lacus,468
consequat in consequat ut nulla,1120
nulla ac enim in,1997
ligula suspendisse ornare,1879
suspendisse potenti nullam,1458
ipsum primis,1849
eu tincidunt in leo,1109
libero,942
id nisl,1299
id nisl venenatis,810
neque,871
turpis,108
vulputate,631
turpis sed,767
mi nulla ac enim,263
risus semper porta volutpat,1967
enim in tempor,216
ut odio cras mi pede,299
eu,517
eu,1416
mauris sit,787
vitae,1375
ut nunc vestibulum ante ipsum,1188
pellentesque eget nunc donec,884
quis lectus suspendisse potenti in,345
quisque,1454
amet eros,1744
nam congue risus semper,231
augue,1395
euismod scelerisque quam turpis,522
sed interdum venenatis,1715
vestibulum sed,1159
amet,419
massa,1728
magna at nunc,1539
phasellus in felis donec semper,608
amet cursus,1837
amet eleifend,556
et ultrices posuere cubilia,306
leo maecenas pulvinar lobortis,1013
quam,1305
lacus morbi quis tortor id,1661
ut,451
dui vel nisl duis,362
sed tincidunt eu felis fusce,439
iaculis,1161
sagittis sapien cum sociis,477
elit,132
lorem integer,598
nisi vulputate,1598
tincidunt in leo maecenas,1896
in,1016
tristique fusce,1081
at,500
morbi porttitor lorem,1953
ipsum,524
turpis sed,1644
vestibulum,1513
mauris vulputate elementum,349
ipsum primis in faucibus orci,1154
sagittis,799
vel augue vestibulum ante,1716
libero nullam sit amet turpis,1756
nec nisi vulputate nonummy,658
praesent blandit nam nulla integer,1548
aliquam sit amet diam,786
dui,1152
nullam porttitor lacus at turpis,1405
molestie nibh in lectus,528
maecenas pulvinar lobortis,1896
pellentesque,1387
felis fusce posuere,967
quis turpis sed ante vivamus,103
sapien,1413
eget rutrum at,1296
lacus,225
ut massa quis augue,832
nulla justo aliquam quis turpis,55
nam ultrices libero non mattis,1294
parturient montes nascetur ridiculus mus,698
ut massa quis augue luctus,660
in leo maecenas pulvinar lobortis,1036
dolor sit,1648
gravida sem praesent id,69
sagittis,1726
amet nunc viverra,468
magna,1213
erat,41
sapien iaculis congue vivamus metus,71
ut mauris eget massa tempor,1878
sit amet cursus id,100
ultrices posuere,656
integer,840
non ligula,674
sed magna at nunc commodo,138
non velit nec,1501
et ultrices posuere,1654
venenatis non sodales sed,1686
fringilla rhoncus mauris,109
mus,1052
quisque,1901
iaculis congue vivamus metus,1527
id nisl venenatis lacinia aenean,1410
diam cras,1428
metus arcu adipiscing molestie,709
quis,812
nullam,1746
libero,1570
massa volutpat convallis morbi odio,466
nec molestie sed justo,46
a,1785
natoque penatibus,1285
eu,1975
posuere cubilia curae nulla dapibus,192
integer non velit donec,1913
orci,1102
nullam sit,1555
rutrum nulla,908
consectetuer adipiscing elit,1322
molestie sed,1687
diam id ornare,760
nulla,479
nunc commodo placerat praesent blandit,1264
cubilia curae,1715
sem,1400
curae duis faucibus,1039
orci luctus et,1633
aliquet pulvinar sed nisl nunc,368
faucibus orci luctus et ultrices,1330
in ante vestibulum,1650
luctus cum sociis natoque penatibus,1806
odio curabitur convallis duis,1134
lacinia aenean sit amet,1903
imperdiet nullam orci,490
tristique fusce congue diam id,766
vel augue vestibulum ante ipsum,1026
etiam vel augue vestibulum rutrum,1931
morbi quis,317
quis,117
accumsan,968
gravida nisi,1848
euismod,221
vulputate,1537
nulla dapibus dolor vel,1839
nisi eu orci mauris lacinia,56
ridiculus mus,892
est et tempus,1720
sollicitudin mi sit,1609
convallis,1894
massa volutpat convallis morbi,1253
semper interdum mauris ullamcorper,1366
tortor,1592
pretium quis lectus,1366
sit amet sapien dignissim vestibulum,1896
tincidunt nulla mollis molestie lorem,1545
aliquam,1381
luctus rutrum nulla tellus in,1264
placerat ante nulla justo,1260
risus auctor sed tristique in,519
aliquet maecenas leo odio condimentum,399
volutpat,123
ac,674
vivamus,497
magnis dis parturient,1915
sit amet diam in magna,1471
pellentesque viverra,1460
urna ut,1796
suspendisse potenti,726
vivamus vestibulum,594
nisl venenatis lacinia,776
nullam orci,1948
sapien,1515
habitasse platea,758
vestibulum vestibulum,1888
nascetur,306
duis consequat,496
tempus semper est,1531
consequat in,1904
vulputate ut ultrices,1637
erat quisque,465
eu interdum eu tincidunt,1511
suspendisse potenti nullam porttitor lacus,460
pharetra magna vestibulum aliquet,786
sit amet,658
elementum,1274
quisque ut,1446
venenatis lacinia aenean sit,215
eleifend,364
donec dapibus,219
ligula,715
vestibulum ante ipsum primis,214
dui nec,760
lacus purus,1136
eu tincidunt in leo maecenas,558
viverra,632
amet eleifend,264
amet eros suspendisse accumsan,776
ut blandit,1307
tempus semper,1340
feugiat non pretium quis lectus,215
gravida nisi at nibh,638
tortor quis turpis sed,1919
quisque ut erat curabitur,588
justo aliquam quis turpis,1796
sit amet nunc,490
nascetur ridiculus,93
accumsan,665
vel augue vestibulum rutrum,1279
ut massa volutpat convallis morbi,64
natoque penatibus et magnis,680
sapien cursus,86
pede malesuada,553
porttitor pede justo eu,1810
erat id mauris vulputate,324
eros vestibulum ac est lacinia,1233
dolor sit amet consectetuer,1441
sit amet eleifend,807
aliquam erat,670
fusce,450
erat tortor,313
neque,1708
et ultrices posuere,864
tortor,2000
semper est quam,1531
maecenas pulvinar lobortis,964
quis libero nullam sit,447
nec nisi volutpat,1700
pretium nisl,476
elit ac,1411
vel,436
sapien,225
auctor sed tristique in,457
et tempus semper,469
nascetur ridiculus mus,686
blandit nam nulla integer pede,1594
libero non mattis pulvinar,779
hac habitasse platea dictumst,1501
sollicitudin vitae consectetuer eget,64
leo odio condimentum id luctus,1366
purus sit amet nulla,784
a,288
sed ante,1442
nulla ac enim,1727
nisl venenatis lacinia aenean sit,987
enim in tempor,417
felis fusce posuere,980
tristique fusce congue diam,1553
mus vivamus vestibulum sagittis sapien,1795
amet justo morbi ut odio,424
duis at velit,459
blandit,430
vel est donec odio,12
risus praesent lectus,143
congue etiam justo etiam,1353
lorem id ligula suspendisse,1850
nisl nunc,1968
est congue,1755
montes nascetur ridiculus mus vivamus,1136
tellus nisi eu,1560
in faucibus orci,1185
arcu adipiscing molestie hendrerit at,1882
lacus morbi quis tortor,600
consectetuer adipiscing elit,414
at dolor quis odio consequat,873
auctor,1578
libero rutrum ac lobortis vel,1627
risus auctor sed tristique in,675
mi sit amet,1564
vestibulum ante ipsum,717
in faucibus orci,10
potenti cras in purus eu,681
cubilia,862
nec euismod scelerisque quam turpis,521
cursus vestibulum proin,494
felis eu sapien,544
ipsum integer a,366
vulputate elementum nullam varius nulla,730
odio odio elementum eu interdum,520
vulputate,1776
nullam molestie nibh in lectus,196
vel,173
erat,1269
amet,1306
sem,1993
risus,218
libero,716
augue quam sollicitudin vitae,378
maecenas tristique est,827
lacinia sapien quis libero nullam,1701
suscipit a feugiat et,1776
placerat praesent,1610
libero ut massa volutpat,1687
turpis adipiscing lorem,1478
aliquam sit amet,1532
et,273
a,644
vestibulum eget vulputate ut,533
a pede posuere nonummy,357
eget massa tempor convallis nulla,353
rutrum rutrum neque,1805
neque,1934
sapien a libero nam,1523
in hac habitasse platea,1890
non,889
eu felis fusce posuere felis,675
at dolor,643
consequat lectus in,1223
convallis morbi,695
ante ipsum primis in,1701
montes nascetur ridiculus mus,917
tincidunt eu felis,407
felis fusce posuere,16
curae duis faucibus,657
ridiculus mus vivamus vestibulum,1908
a feugiat et eros,419
aenean fermentum,1083
odio justo sollicitudin,497
aliquam convallis nunc proin at,1953
ullamcorper purus,376
cras in,570
dignissim,1046
lacinia eget tincidunt eget,1197
lacinia aenean sit,682
vel sem sed,716
in libero ut,1508
magna bibendum imperdiet,1344
sed,831
vulputate justo in blandit ultrices,1321
a ipsum,745
sapien arcu sed augue,1579
mi integer ac,274
eu tincidunt in leo,1862
morbi a ipsum integer a,109
commodo,1861
nullam varius nulla,1291
justo,1667
nullam molestie nibh,1703
lobortis convallis tortor risus dapibus,1354
velit nec nisi vulputate nonummy,1875
suspendisse potenti,799
quis odio consequat,1412
pede justo,684
nulla tempus,1531
nulla facilisi cras non,1485
at turpis,1490
et ultrices posuere cubilia,1822
neque,1831
erat nulla tempus vivamus,1000
penatibus et magnis,1947
ante ipsum primis,850
ut massa quis,1769
non sodales,679
consequat in,1008
molestie hendrerit at,199
in,713
felis sed lacus morbi,200
convallis duis,810
arcu adipiscing molestie hendrerit at,1140
nulla ut,440
tortor risus dapibus augue,779
donec,1985
bibendum imperdiet nullam orci pede,1307
sit amet,45
duis faucibus accumsan,1947
metus arcu adipiscing molestie,1443
nulla,1817
tincidunt eget,260
suspendisse ornare consequat lectus,1131
fringilla rhoncus,330
quam pharetra magna,1370
lectus in quam fringilla rhoncus,1348
hac habitasse platea,615
massa,670
leo odio porttitor,513
odio consequat varius integer,1602
ut massa quis augue luctus,1595
