name,id_category
lobortis est phasellus sit amet erat nulla tempus vivamus in felis eu sapien cursus vestibulum proin eu mi nulla ac,14
tellus in sagittis dui vel nisl duis ac nibh fusce lacus purus aliquet at feugiat non pretium,8
nulla mollis molestie lorem quisque ut erat curabitur gravida nisi at nibh in hac habitasse,3
hendrerit at vulputate vitae nisl aenean lectus pellentesque eget nunc donec quis orci eget orci vehicula condimentum curabitur,12
morbi vel lectus in quam fringilla rhoncus mauris enim leo rhoncus sed vestibulum,7
erat fermentum justo nec condimentum neque sapien placerat ante nulla justo aliquam quis turpis eget elit sodales,9
luctus et ultrices posuere cubilia curae duis faucibus accumsan odio curabitur convallis duis consequat dui nec nisi volutpat,13
a pede posuere nonummy integer non velit donec diam neque vestibulum,7
accumsan felis ut at dolor quis odio consequat varius integer ac leo pellentesque ultrices mattis odio donec,8
id nisl venenatis lacinia aenean sit amet justo morbi ut odio cras mi,3
praesent id massa id nisl venenatis lacinia aenean sit amet justo morbi ut odio cras mi pede malesuada in,12
at nulla suspendisse potenti cras in purus eu magna vulputate luctus cum sociis natoque,8
ullamcorper augue a suscipit nulla elit ac nulla sed vel,2
maecenas tincidunt lacus at velit vivamus vel nulla eget eros elementum pellentesque quisque,4
maecenas tincidunt lacus at velit vivamus vel nulla eget eros elementum pellentesque quisque porta,13
gravida nisi at nibh in hac habitasse platea dictumst aliquam augue quam sollicitudin vitae,9
aliquam sit amet diam in magna bibendum imperdiet nullam orci pede venenatis non sodales sed tincidunt eu,5
ut mauris eget massa tempor convallis nulla neque libero convallis eget eleifend luctus ultricies eu nibh quisque id justo sit,4
molestie hendrerit at vulputate vitae nisl aenean lectus pellentesque eget nunc donec quis orci eget orci vehicula condimentum,1
lectus aliquam sit amet diam in magna bibendum imperdiet nullam orci pede venenatis,2
nullam sit amet turpis elementum ligula vehicula consequat morbi a ipsum integer a nibh in quis justo maecenas rhoncus aliquam,10
sed ante vivamus tortor duis mattis egestas metus aenean fermentum donec ut mauris eget massa,7
dignissim vestibulum vestibulum ante ipsum primis in faucibus orci luctus et ultrices posuere cubilia curae nulla,12
sed vel enim sit amet nunc viverra dapibus nulla suscipit ligula in lacus curabitur at ipsum,3
mi in porttitor pede justo eu massa donec dapibus duis at velit eu est,13
consequat dui nec nisi volutpat eleifend donec ut dolor morbi vel lectus in quam,8
tellus nulla ut erat id mauris vulputate elementum nullam varius nulla,3
id nulla ultrices aliquet maecenas leo odio condimentum id luctus nec,13
suscipit ligula in lacus curabitur at ipsum ac tellus semper interdum,10
quam pharetra magna ac consequat metus sapien ut nunc vestibulum ante ipsum primis in faucibus orci,9
phasellus sit amet erat nulla tempus vivamus in felis eu sapien cursus vestibulum proin eu mi nulla,15
vestibulum ante ipsum primis in faucibus orci luctus et ultrices posuere cubilia curae,6
magna vulputate luctus cum sociis natoque penatibus et magnis dis parturient montes nascetur ridiculus mus vivamus vestibulum sagittis,4
pede justo eu massa donec dapibus duis at velit eu est congue elementum,11
nulla sed accumsan felis ut at dolor quis odio consequat varius integer ac leo,8
dolor sit amet consectetuer adipiscing elit proin risus praesent lectus vestibulum,5
ridiculus mus vivamus vestibulum sagittis sapien cum sociis natoque penatibus et magnis dis parturient,13
duis bibendum felis sed interdum venenatis turpis enim blandit mi in porttitor pede justo eu massa donec,6
sapien ut nunc vestibulum ante ipsum primis in faucibus orci,6
sapien urna pretium nisl ut volutpat sapien arcu sed augue aliquam erat volutpat in congue etiam,12
nec nisi volutpat eleifend donec ut dolor morbi vel lectus in quam fringilla rhoncus mauris enim,9
odio elementum eu interdum eu tincidunt in leo maecenas pulvinar lobortis est phasellus sit amet erat nulla tempus vivamus in,15
dignissim vestibulum vestibulum ante ipsum primis in faucibus orci luctus et ultrices posuere cubilia curae nulla,13
donec pharetra magna vestibulum aliquet ultrices erat tortor sollicitudin mi sit amet lobortis sapien sapien non mi integer ac,4
integer tincidunt ante vel ipsum praesent blandit lacinia erat vestibulum sed magna at,5
vel nisl duis ac nibh fusce lacus purus aliquet at feugiat non pretium quis,2
ipsum primis in faucibus orci luctus et ultrices posuere cubilia curae donec pharetra magna vestibulum aliquet ultrices erat tortor,14
vestibulum aliquet ultrices erat tortor sollicitudin mi sit amet lobortis sapien sapien non mi integer ac,3
arcu adipiscing molestie hendrerit at vulputate vitae nisl aenean lectus pellentesque eget nunc donec,12
pede ac diam cras pellentesque volutpat dui maecenas tristique est et tempus semper,6
sagittis dui vel nisl duis ac nibh fusce lacus purus aliquet at feugiat non pretium quis lectus,14
lectus in quam fringilla rhoncus mauris enim leo rhoncus sed vestibulum sit amet cursus id,11
in hac habitasse platea dictumst morbi vestibulum velit id pretium iaculis diam erat fermentum justo nec condimentum neque sapien,4
odio donec vitae nisi nam ultrices libero non mattis pulvinar nulla pede ullamcorper augue a suscipit nulla elit,6
condimentum id luctus nec molestie sed justo pellentesque viverra pede ac diam cras pellentesque,8
dictumst etiam faucibus cursus urna ut tellus nulla ut erat id mauris vulputate elementum nullam varius nulla facilisi cras,8
nibh ligula nec sem duis aliquam convallis nunc proin at turpis a pede posuere nonummy integer non velit donec diam,3
in sapien iaculis congue vivamus metus arcu adipiscing molestie hendrerit at vulputate,6
sed augue aliquam erat volutpat in congue etiam justo etiam pretium iaculis justo in,2
nascetur ridiculus mus etiam vel augue vestibulum rutrum rutrum neque aenean auctor,7
enim leo rhoncus sed vestibulum sit amet cursus id turpis integer aliquet massa id lobortis convallis tortor risus dapibus augue,1
ut blandit non interdum in ante vestibulum ante ipsum primis in faucibus orci luctus et ultrices posuere,9
proin at turpis a pede posuere nonummy integer non velit donec,4
faucibus orci luctus et ultrices posuere cubilia curae mauris viverra diam vitae quam suspendisse potenti nullam porttitor lacus,7
congue etiam justo etiam pretium iaculis justo in hac habitasse platea dictumst etiam,13
vivamus metus arcu adipiscing molestie hendrerit at vulputate vitae nisl aenean lectus pellentesque eget nunc donec quis orci eget orci,13
lectus aliquam sit amet diam in magna bibendum imperdiet nullam orci pede venenatis non sodales sed tincidunt,6
eget eros elementum pellentesque quisque porta volutpat erat quisque erat eros viverra,7
vestibulum ante ipsum primis in faucibus orci luctus et ultrices posuere cubilia curae,14
vestibulum velit id pretium iaculis diam erat fermentum justo nec condimentum neque,10
et ultrices posuere cubilia curae duis faucibus accumsan odio curabitur convallis duis consequat dui,4
est quam pharetra magna ac consequat metus sapien ut nunc vestibulum ante ipsum primis in faucibus orci luctus et,10
purus phasellus in felis donec semper sapien a libero nam dui proin leo odio porttitor id consequat,1
sit amet consectetuer adipiscing elit proin interdum mauris non ligula pellentesque ultrices phasellus id sapien in sapien iaculis,11
in leo maecenas pulvinar lobortis est phasellus sit amet erat nulla,9
ultricies eu nibh quisque id justo sit amet sapien dignissim vestibulum vestibulum ante ipsum primis in faucibus orci luctus,12
rhoncus sed vestibulum sit amet cursus id turpis integer aliquet massa id lobortis convallis tortor risus,14
vestibulum velit id pretium iaculis diam erat fermentum justo nec condimentum neque sapien,9
eget orci vehicula condimentum curabitur in libero ut massa volutpat,3
orci vehicula condimentum curabitur in libero ut massa volutpat convallis,8
erat quisque erat eros viverra eget congue eget semper rutrum nulla nunc purus phasellus in,4
elementum eu interdum eu tincidunt in leo maecenas pulvinar lobortis,2
nisl duis bibendum felis sed interdum venenatis turpis enim blandit mi in porttitor pede justo eu massa donec,14
in ante vestibulum ante ipsum primis in faucibus orci luctus et ultrices posuere cubilia,13
velit donec diam neque vestibulum eget vulputate ut ultrices vel augue vestibulum ante ipsum primis in faucibus orci luctus et,10
suscipit nulla elit ac nulla sed vel enim sit amet nunc viverra dapibus nulla,12
montes nascetur ridiculus mus etiam vel augue vestibulum rutrum rutrum neque aenean auctor gravida,7
auctor sed tristique in tempus sit amet sem fusce consequat nulla nisl nunc nisl,7
aenean lectus pellentesque eget nunc donec quis orci eget orci vehicula condimentum curabitur in libero ut,10
ipsum primis in faucibus orci luctus et ultrices posuere cubilia curae donec pharetra magna vestibulum aliquet ultrices erat,2
eget nunc donec quis orci eget orci vehicula condimentum curabitur,7
parturient montes nascetur ridiculus mus etiam vel augue vestibulum rutrum rutrum neque aenean auctor,8
phasellus sit amet erat nulla tempus vivamus in felis eu sapien cursus vestibulum proin eu mi nulla ac enim in,3
fermentum justo nec condimentum neque sapien placerat ante nulla justo aliquam quis turpis eget elit sodales scelerisque mauris sit amet,5
lacinia sapien quis libero nullam sit amet turpis elementum ligula,13
pretium iaculis justo in hac habitasse platea dictumst etiam faucibus cursus urna ut tellus nulla ut erat id mauris,6
viverra dapibus nulla suscipit ligula in lacus curabitur at ipsum ac tellus semper interdum mauris,5
nunc proin at turpis a pede posuere nonummy integer non velit donec diam neque vestibulum eget vulputate ut ultrices vel,6
blandit lacinia erat vestibulum sed magna at nunc commodo placerat praesent blandit nam nulla integer pede justo lacinia eget,7
ante ipsum primis in faucibus orci luctus et ultrices posuere cubilia,9
dictumst morbi vestibulum velit id pretium iaculis diam erat fermentum justo nec,10
nulla sed accumsan felis ut at dolor quis odio consequat varius integer ac leo pellentesque,5
vehicula consequat morbi a ipsum integer a nibh in quis justo maecenas rhoncus aliquam lacus morbi quis tortor id nulla,14
maecenas pulvinar lobortis est phasellus sit amet erat nulla tempus vivamus in felis,4
venenatis non sodales sed tincidunt eu felis fusce posuere felis sed lacus morbi sem mauris laoreet,13
sapien cum sociis natoque penatibus et magnis dis parturient montes nascetur ridiculus mus etiam vel augue vestibulum rutrum rutrum neque,9
non interdum in ante vestibulum ante ipsum primis in faucibus orci luctus et ultrices posuere cubilia,12
sapien urna pretium nisl ut volutpat sapien arcu sed augue aliquam erat volutpat in congue etiam justo etiam pretium iaculis,3
ut rhoncus aliquet pulvinar sed nisl nunc rhoncus dui vel sem sed sagittis nam congue risus semper porta,15
faucibus accumsan odio curabitur convallis duis consequat dui nec nisi volutpat eleifend donec ut dolor,14
in hac habitasse platea dictumst etiam faucibus cursus urna ut tellus nulla ut,1
augue luctus tincidunt nulla mollis molestie lorem quisque ut erat curabitur gravida nisi at nibh in hac,14
porta volutpat erat quisque erat eros viverra eget congue eget semper rutrum nulla nunc,10
penatibus et magnis dis parturient montes nascetur ridiculus mus etiam vel augue,12
eu orci mauris lacinia sapien quis libero nullam sit amet turpis elementum ligula vehicula consequat morbi a ipsum,13
nulla neque libero convallis eget eleifend luctus ultricies eu nibh quisque,4
justo eu massa donec dapibus duis at velit eu est congue elementum in hac habitasse,4
magna vestibulum aliquet ultrices erat tortor sollicitudin mi sit amet lobortis sapien sapien non mi integer ac,1
et ultrices posuere cubilia curae duis faucibus accumsan odio curabitur convallis duis consequat dui nec nisi volutpat eleifend,8
sapien iaculis congue vivamus metus arcu adipiscing molestie hendrerit at vulputate,7
nisl ut volutpat sapien arcu sed augue aliquam erat volutpat in congue etiam justo,9
nunc purus phasellus in felis donec semper sapien a libero,2
dolor vel est donec odio justo sollicitudin ut suscipit a feugiat et eros vestibulum ac est lacinia,10
pulvinar nulla pede ullamcorper augue a suscipit nulla elit ac nulla sed vel enim sit amet nunc viverra dapibus nulla,9
venenatis turpis enim blandit mi in porttitor pede justo eu massa donec dapibus,8
amet turpis elementum ligula vehicula consequat morbi a ipsum integer a nibh in quis justo,1
consequat metus sapien ut nunc vestibulum ante ipsum primis in faucibus orci luctus et,9
mauris eget massa tempor convallis nulla neque libero convallis eget eleifend luctus,13
in est risus auctor sed tristique in tempus sit amet sem fusce consequat nulla,4
aliquam quis turpis eget elit sodales scelerisque mauris sit amet eros suspendisse accumsan tortor,1
cubilia curae nulla dapibus dolor vel est donec odio justo sollicitudin ut suscipit a,14
sed tristique in tempus sit amet sem fusce consequat nulla nisl nunc nisl duis bibendum felis,14
et tempus semper est quam pharetra magna ac consequat metus sapien,6
accumsan odio curabitur convallis duis consequat dui nec nisi volutpat eleifend donec ut dolor morbi vel lectus,7
nulla integer pede justo lacinia eget tincidunt eget tempus vel pede morbi porttitor lorem id ligula suspendisse ornare consequat lectus,12
laoreet ut rhoncus aliquet pulvinar sed nisl nunc rhoncus dui vel,1
felis donec semper sapien a libero nam dui proin leo odio porttitor id consequat in,10
cursus id turpis integer aliquet massa id lobortis convallis tortor risus dapibus,3
donec pharetra magna vestibulum aliquet ultrices erat tortor sollicitudin mi sit amet lobortis sapien sapien non mi integer ac,4
ultrices erat tortor sollicitudin mi sit amet lobortis sapien sapien non mi integer ac neque duis,14
venenatis non sodales sed tincidunt eu felis fusce posuere felis sed lacus morbi sem mauris laoreet,2
amet turpis elementum ligula vehicula consequat morbi a ipsum integer a nibh in,2
eu tincidunt in leo maecenas pulvinar lobortis est phasellus sit amet erat nulla tempus vivamus in felis eu sapien cursus,11
vestibulum rutrum rutrum neque aenean auctor gravida sem praesent id massa,10
consequat morbi a ipsum integer a nibh in quis justo maecenas rhoncus aliquam lacus morbi quis tortor id nulla ultrices,5
pretium iaculis justo in hac habitasse platea dictumst etiam faucibus,13
cubilia curae donec pharetra magna vestibulum aliquet ultrices erat tortor sollicitudin mi,10
libero convallis eget eleifend luctus ultricies eu nibh quisque id justo sit amet,5
interdum in ante vestibulum ante ipsum primis in faucibus orci luctus et ultrices posuere cubilia curae duis faucibus accumsan,1
non quam nec dui luctus rutrum nulla tellus in sagittis dui vel nisl duis ac nibh fusce,15
neque vestibulum eget vulputate ut ultrices vel augue vestibulum ante ipsum primis in faucibus,12
quis libero nullam sit amet turpis elementum ligula vehicula consequat morbi a ipsum,2
vestibulum velit id pretium iaculis diam erat fermentum justo nec condimentum neque sapien placerat,2
habitasse platea dictumst aliquam augue quam sollicitudin vitae consectetuer eget rutrum at lorem integer tincidunt ante vel ipsum praesent,3
dapibus dolor vel est donec odio justo sollicitudin ut suscipit a feugiat et eros vestibulum ac est lacinia nisi venenatis,4
consequat varius integer ac leo pellentesque ultrices mattis odio donec vitae nisi nam ultrices libero non mattis pulvinar nulla,5
non mi integer ac neque duis bibendum morbi non quam nec dui luctus rutrum nulla tellus in sagittis dui,4
maecenas leo odio condimentum id luctus nec molestie sed justo pellentesque viverra pede ac diam cras,4
nisl duis bibendum felis sed interdum venenatis turpis enim blandit mi in porttitor pede justo eu massa donec,6
etiam pretium iaculis justo in hac habitasse platea dictumst etiam,12
duis ac nibh fusce lacus purus aliquet at feugiat non,12
eleifend luctus ultricies eu nibh quisque id justo sit amet sapien dignissim vestibulum vestibulum ante ipsum,1
eu felis fusce posuere felis sed lacus morbi sem mauris laoreet ut rhoncus aliquet pulvinar sed nisl,2
donec quis orci eget orci vehicula condimentum curabitur in libero ut massa volutpat convallis morbi odio odio,6
nam dui proin leo odio porttitor id consequat in consequat ut nulla sed accumsan felis ut at dolor,1
quisque porta volutpat erat quisque erat eros viverra eget congue eget semper rutrum nulla nunc purus phasellus,15
erat vestibulum sed magna at nunc commodo placerat praesent blandit nam nulla,14
auctor sed tristique in tempus sit amet sem fusce consequat nulla nisl nunc nisl duis bibendum,5
neque duis bibendum morbi non quam nec dui luctus rutrum nulla tellus in sagittis dui vel nisl,7
suspendisse potenti cras in purus eu magna vulputate luctus cum,4
congue vivamus metus arcu adipiscing molestie hendrerit at vulputate vitae nisl aenean lectus pellentesque eget nunc donec,2
sagittis nam congue risus semper porta volutpat quam pede lobortis ligula sit amet eleifend,14
donec pharetra magna vestibulum aliquet ultrices erat tortor sollicitudin mi sit amet lobortis sapien sapien,14
suscipit a feugiat et eros vestibulum ac est lacinia nisi venenatis tristique fusce congue diam,12
et commodo vulputate justo in blandit ultrices enim lorem ipsum dolor sit amet consectetuer,9
venenatis lacinia aenean sit amet justo morbi ut odio cras mi pede malesuada in imperdiet et,9
suscipit nulla elit ac nulla sed vel enim sit amet nunc viverra dapibus nulla suscipit ligula in lacus curabitur,1
elementum nullam varius nulla facilisi cras non velit nec nisi vulputate,5
sem fusce consequat nulla nisl nunc nisl duis bibendum felis sed interdum venenatis turpis enim blandit mi in,2
eget eleifend luctus ultricies eu nibh quisque id justo sit amet sapien dignissim vestibulum vestibulum ante ipsum,9
nulla quisque arcu libero rutrum ac lobortis vel dapibus at diam nam tristique,10
faucibus orci luctus et ultrices posuere cubilia curae donec pharetra magna vestibulum,14
orci pede venenatis non sodales sed tincidunt eu felis fusce posuere felis sed,6
eget nunc donec quis orci eget orci vehicula condimentum curabitur in,12
vulputate elementum nullam varius nulla facilisi cras non velit nec nisi vulputate nonummy maecenas tincidunt lacus at velit vivamus,8
ipsum primis in faucibus orci luctus et ultrices posuere cubilia,13
montes nascetur ridiculus mus etiam vel augue vestibulum rutrum rutrum neque aenean auctor gravida sem praesent,14
erat fermentum justo nec condimentum neque sapien placerat ante nulla justo aliquam quis turpis eget elit sodales,7
tellus nulla ut erat id mauris vulputate elementum nullam varius nulla facilisi cras non velit nec nisi vulputate,13
ac neque duis bibendum morbi non quam nec dui luctus rutrum,10
eget semper rutrum nulla nunc purus phasellus in felis donec semper sapien a libero nam dui proin leo,6
nunc rhoncus dui vel sem sed sagittis nam congue risus semper porta volutpat quam pede lobortis ligula sit,3
ultrices enim lorem ipsum dolor sit amet consectetuer adipiscing elit proin interdum,15
ut odio cras mi pede malesuada in imperdiet et commodo vulputate justo in blandit ultrices,12
dictumst morbi vestibulum velit id pretium iaculis diam erat fermentum justo nec condimentum neque sapien placerat ante,1
est lacinia nisi venenatis tristique fusce congue diam id ornare,6
mauris ullamcorper purus sit amet nulla quisque arcu libero rutrum ac lobortis vel dapibus at diam nam tristique,15
est risus auctor sed tristique in tempus sit amet sem fusce consequat nulla nisl nunc nisl,2
convallis morbi odio odio elementum eu interdum eu tincidunt in leo maecenas pulvinar lobortis est phasellus sit amet erat nulla,14
vestibulum ac est lacinia nisi venenatis tristique fusce congue diam,15
nonummy integer non velit donec diam neque vestibulum eget vulputate ut ultrices vel augue vestibulum,3
aliquet massa id lobortis convallis tortor risus dapibus augue vel accumsan tellus nisi eu,2
lorem integer tincidunt ante vel ipsum praesent blandit lacinia erat vestibulum sed magna at nunc commodo,10
aliquam lacus morbi quis tortor id nulla ultrices aliquet maecenas leo odio condimentum id luctus nec molestie sed,15
nascetur ridiculus mus vivamus vestibulum sagittis sapien cum sociis natoque,13
bibendum morbi non quam nec dui luctus rutrum nulla tellus in sagittis dui,11
venenatis tristique fusce congue diam id ornare imperdiet sapien urna pretium nisl ut volutpat sapien arcu sed augue,8
non mauris morbi non lectus aliquam sit amet diam in magna bibendum,5
aenean lectus pellentesque eget nunc donec quis orci eget orci vehicula condimentum curabitur in,14
ut erat id mauris vulputate elementum nullam varius nulla facilisi cras non velit,5
integer aliquet massa id lobortis convallis tortor risus dapibus augue vel,3
erat vestibulum sed magna at nunc commodo placerat praesent blandit nam nulla integer pede justo lacinia eget tincidunt eget,13
nec dui luctus rutrum nulla tellus in sagittis dui vel nisl duis ac nibh fusce lacus purus aliquet at feugiat,13
varius integer ac leo pellentesque ultrices mattis odio donec vitae nisi nam ultrices libero non,8
aliquet maecenas leo odio condimentum id luctus nec molestie sed justo pellentesque viverra pede,3
vestibulum sagittis sapien cum sociis natoque penatibus et magnis dis parturient montes nascetur ridiculus mus etiam,1
faucibus orci luctus et ultrices posuere cubilia curae duis faucibus accumsan odio curabitur convallis,15
porta volutpat quam pede lobortis ligula sit amet eleifend pede libero quis orci nullam molestie nibh in,11
in sapien iaculis congue vivamus metus arcu adipiscing molestie hendrerit at,8
dictumst etiam faucibus cursus urna ut tellus nulla ut erat id mauris vulputate elementum nullam varius nulla,8
sed sagittis nam congue risus semper porta volutpat quam pede lobortis ligula sit amet eleifend pede libero quis orci,1
varius ut blandit non interdum in ante vestibulum ante ipsum primis in faucibus orci luctus et ultrices,9
tellus nisi eu orci mauris lacinia sapien quis libero nullam sit amet turpis elementum ligula vehicula consequat morbi,10
ipsum ac tellus semper interdum mauris ullamcorper purus sit amet nulla quisque arcu libero,15
praesent lectus vestibulum quam sapien varius ut blandit non interdum,9
scelerisque mauris sit amet eros suspendisse accumsan tortor quis turpis sed ante,11
mauris non ligula pellentesque ultrices phasellus id sapien in sapien iaculis congue vivamus metus,13
tortor sollicitudin mi sit amet lobortis sapien sapien non mi integer ac neque duis bibendum morbi non,15
ac enim in tempor turpis nec euismod scelerisque quam turpis adipiscing lorem vitae mattis nibh ligula nec,15
ac enim in tempor turpis nec euismod scelerisque quam turpis,15
in purus eu magna vulputate luctus cum sociis natoque penatibus et magnis dis,15
in hac habitasse platea dictumst etiam faucibus cursus urna ut tellus nulla ut erat,1
dictumst maecenas ut massa quis augue luctus tincidunt nulla mollis molestie,2
sed magna at nunc commodo placerat praesent blandit nam nulla integer,11
felis sed interdum venenatis turpis enim blandit mi in porttitor pede justo eu massa donec dapibus duis,3
massa tempor convallis nulla neque libero convallis eget eleifend luctus ultricies,3
sit amet sapien dignissim vestibulum vestibulum ante ipsum primis in faucibus orci luctus et ultrices posuere,2
donec odio justo sollicitudin ut suscipit a feugiat et eros vestibulum ac est,2
at velit vivamus vel nulla eget eros elementum pellentesque quisque porta volutpat erat quisque erat eros viverra eget congue,6
vestibulum rutrum rutrum neque aenean auctor gravida sem praesent id massa id,14
ut tellus nulla ut erat id mauris vulputate elementum nullam varius nulla facilisi,14
tincidunt nulla mollis molestie lorem quisque ut erat curabitur gravida nisi at nibh in hac habitasse,13
non pretium quis lectus suspendisse potenti in eleifend quam a odio in hac habitasse platea dictumst maecenas ut massa,13
facilisi cras non velit nec nisi vulputate nonummy maecenas tincidunt lacus at velit,6
nunc proin at turpis a pede posuere nonummy integer non velit donec diam neque vestibulum,5
eu est congue elementum in hac habitasse platea dictumst morbi vestibulum velit id pretium iaculis diam erat fermentum,7
in purus eu magna vulputate luctus cum sociis natoque penatibus et magnis dis parturient montes nascetur ridiculus mus vivamus vestibulum,5
ac neque duis bibendum morbi non quam nec dui luctus,9
in felis eu sapien cursus vestibulum proin eu mi nulla ac enim in tempor turpis nec euismod,5
iaculis congue vivamus metus arcu adipiscing molestie hendrerit at vulputate vitae nisl aenean lectus pellentesque,14
quis turpis eget elit sodales scelerisque mauris sit amet eros suspendisse accumsan tortor quis turpis sed ante vivamus tortor duis,15
eget massa tempor convallis nulla neque libero convallis eget eleifend luctus,3
sit amet consectetuer adipiscing elit proin risus praesent lectus vestibulum,13
sociis natoque penatibus et magnis dis parturient montes nascetur ridiculus mus,11
ante ipsum primis in faucibus orci luctus et ultrices posuere cubilia,7
augue luctus tincidunt nulla mollis molestie lorem quisque ut erat curabitur gravida nisi at nibh in hac,15
sollicitudin vitae consectetuer eget rutrum at lorem integer tincidunt ante vel ipsum praesent blandit lacinia erat vestibulum sed magna at,12
fringilla rhoncus mauris enim leo rhoncus sed vestibulum sit amet cursus id turpis integer aliquet massa id lobortis convallis tortor,3
posuere felis sed lacus morbi sem mauris laoreet ut rhoncus aliquet pulvinar sed nisl nunc rhoncus,15
vulputate luctus cum sociis natoque penatibus et magnis dis parturient montes nascetur ridiculus,14
et ultrices posuere cubilia curae mauris viverra diam vitae quam suspendisse potenti nullam porttitor lacus at turpis donec posuere,6
vitae quam suspendisse potenti nullam porttitor lacus at turpis donec posuere metus vitae ipsum aliquam non mauris morbi non lectus,5
tristique in tempus sit amet sem fusce consequat nulla nisl nunc nisl duis bibendum felis sed interdum venenatis turpis,13
sit amet cursus id turpis integer aliquet massa id lobortis convallis tortor risus dapibus,15
magna at nunc commodo placerat praesent blandit nam nulla integer pede justo lacinia eget tincidunt eget,9
pulvinar sed nisl nunc rhoncus dui vel sem sed sagittis nam congue risus semper porta volutpat,5
suscipit nulla elit ac nulla sed vel enim sit amet,5
nec condimentum neque sapien placerat ante nulla justo aliquam quis turpis eget elit sodales scelerisque,3
erat tortor sollicitudin mi sit amet lobortis sapien sapien non mi integer ac neque duis bibendum,10
lacinia aenean sit amet justo morbi ut odio cras mi pede malesuada in imperdiet et commodo vulputate justo in,5
euismod scelerisque quam turpis adipiscing lorem vitae mattis nibh ligula nec sem duis,15
in faucibus orci luctus et ultrices posuere cubilia curae duis faucibus accumsan odio curabitur convallis duis consequat dui nec,5
vitae nisl aenean lectus pellentesque eget nunc donec quis orci eget orci vehicula condimentum curabitur,6
pellentesque quisque porta volutpat erat quisque erat eros viverra eget congue eget semper rutrum,4
quis turpis sed ante vivamus tortor duis mattis egestas metus aenean fermentum donec ut mauris eget massa tempor convallis,9
bibendum morbi non quam nec dui luctus rutrum nulla tellus in sagittis dui vel nisl duis ac nibh fusce lacus,14
morbi non quam nec dui luctus rutrum nulla tellus in sagittis dui vel nisl duis ac nibh fusce lacus purus,8
proin at turpis a pede posuere nonummy integer non velit donec diam neque,3
sapien sapien non mi integer ac neque duis bibendum morbi non quam nec dui luctus rutrum nulla tellus in sagittis,11
donec pharetra magna vestibulum aliquet ultrices erat tortor sollicitudin mi sit,5
vehicula condimentum curabitur in libero ut massa volutpat convallis morbi odio,4
lacus curabitur at ipsum ac tellus semper interdum mauris ullamcorper purus sit amet nulla quisque arcu libero rutrum,14
eu est congue elementum in hac habitasse platea dictumst morbi vestibulum,8
sem mauris laoreet ut rhoncus aliquet pulvinar sed nisl nunc rhoncus,13
eleifend donec ut dolor morbi vel lectus in quam fringilla rhoncus mauris enim leo,5
rhoncus dui vel sem sed sagittis nam congue risus semper porta,7
sed tristique in tempus sit amet sem fusce consequat nulla nisl nunc nisl duis bibendum felis sed interdum venenatis,11
ridiculus mus etiam vel augue vestibulum rutrum rutrum neque aenean auctor gravida sem praesent id massa,6
sem praesent id massa id nisl venenatis lacinia aenean sit amet,12
potenti cras in purus eu magna vulputate luctus cum sociis natoque penatibus et,5
varius integer ac leo pellentesque ultrices mattis odio donec vitae nisi nam ultrices libero non mattis pulvinar,6
blandit lacinia erat vestibulum sed magna at nunc commodo placerat praesent blandit nam nulla,1
egestas metus aenean fermentum donec ut mauris eget massa tempor,5
potenti nullam porttitor lacus at turpis donec posuere metus vitae ipsum aliquam non mauris morbi,4
nascetur ridiculus mus vivamus vestibulum sagittis sapien cum sociis natoque penatibus et magnis,12
accumsan tortor quis turpis sed ante vivamus tortor duis mattis egestas metus,15
habitasse platea dictumst aliquam augue quam sollicitudin vitae consectetuer eget,14
tellus in sagittis dui vel nisl duis ac nibh fusce lacus purus aliquet at feugiat non pretium quis,9
turpis adipiscing lorem vitae mattis nibh ligula nec sem duis aliquam convallis nunc,11
sed nisl nunc rhoncus dui vel sem sed sagittis nam congue risus,15
dapibus nulla suscipit ligula in lacus curabitur at ipsum ac tellus semper interdum mauris ullamcorper purus sit amet nulla,10
accumsan tellus nisi eu orci mauris lacinia sapien quis libero nullam,15
lobortis est phasellus sit amet erat nulla tempus vivamus in,15
ac nibh fusce lacus purus aliquet at feugiat non pretium quis lectus suspendisse potenti in eleifend quam a,13
risus semper porta volutpat quam pede lobortis ligula sit amet eleifend pede libero quis orci nullam molestie nibh,8
a pede posuere nonummy integer non velit donec diam neque vestibulum eget vulputate ut ultrices,8
mi nulla ac enim in tempor turpis nec euismod scelerisque quam turpis adipiscing lorem vitae mattis nibh,15
congue diam id ornare imperdiet sapien urna pretium nisl ut volutpat sapien arcu,2
bibendum morbi non quam nec dui luctus rutrum nulla tellus in sagittis dui vel nisl duis ac nibh,12
malesuada in imperdiet et commodo vulputate justo in blandit ultrices enim lorem ipsum dolor sit amet consectetuer adipiscing,12
diam cras pellentesque volutpat dui maecenas tristique est et tempus,15
duis aliquam convallis nunc proin at turpis a pede posuere nonummy integer non velit donec diam neque vestibulum eget vulputate,11
nascetur ridiculus mus vivamus vestibulum sagittis sapien cum sociis natoque penatibus et magnis,6
odio porttitor id consequat in consequat ut nulla sed accumsan felis ut at,7
morbi porttitor lorem id ligula suspendisse ornare consequat lectus in est risus auctor sed tristique,3
eget orci vehicula condimentum curabitur in libero ut massa volutpat convallis,11
dapibus nulla suscipit ligula in lacus curabitur at ipsum ac tellus semper interdum mauris ullamcorper purus sit amet,4
nulla facilisi cras non velit nec nisi vulputate nonummy maecenas tincidunt lacus at velit vivamus vel nulla eget eros elementum,8
maecenas ut massa quis augue luctus tincidunt nulla mollis molestie lorem quisque ut erat curabitur gravida nisi at nibh in,9
in sagittis dui vel nisl duis ac nibh fusce lacus purus aliquet,11
iaculis justo in hac habitasse platea dictumst etiam faucibus cursus urna ut tellus nulla ut erat id,5
congue eget semper rutrum nulla nunc purus phasellus in felis donec,13
lorem integer tincidunt ante vel ipsum praesent blandit lacinia erat vestibulum sed magna at,11
gravida sem praesent id massa id nisl venenatis lacinia aenean sit amet justo morbi ut odio cras,7
faucibus accumsan odio curabitur convallis duis consequat dui nec nisi volutpat eleifend,1
ut erat curabitur gravida nisi at nibh in hac habitasse platea dictumst aliquam augue quam,6
quis orci eget orci vehicula condimentum curabitur in libero ut massa volutpat convallis morbi odio odio elementum eu interdum,11
convallis duis consequat dui nec nisi volutpat eleifend donec ut dolor morbi vel lectus in quam fringilla rhoncus mauris,6
ut tellus nulla ut erat id mauris vulputate elementum nullam varius nulla facilisi,6
scelerisque quam turpis adipiscing lorem vitae mattis nibh ligula nec sem duis,3
ac enim in tempor turpis nec euismod scelerisque quam turpis adipiscing lorem vitae,2
in tempor turpis nec euismod scelerisque quam turpis adipiscing lorem vitae,15
libero convallis eget eleifend luctus ultricies eu nibh quisque id justo sit amet sapien dignissim vestibulum vestibulum ante,9
ultrices posuere cubilia curae duis faucibus accumsan odio curabitur convallis duis,15
integer a nibh in quis justo maecenas rhoncus aliquam lacus morbi,12
rhoncus dui vel sem sed sagittis nam congue risus semper porta volutpat quam pede lobortis ligula sit amet eleifend pede,14
dapibus dolor vel est donec odio justo sollicitudin ut suscipit a feugiat et eros vestibulum ac est lacinia nisi venenatis,9
volutpat erat quisque erat eros viverra eget congue eget semper rutrum nulla nunc purus phasellus,8
quis justo maecenas rhoncus aliquam lacus morbi quis tortor id nulla ultrices aliquet maecenas leo,1
mauris vulputate elementum nullam varius nulla facilisi cras non velit nec nisi vulputate nonummy maecenas tincidunt lacus at velit,13
viverra pede ac diam cras pellentesque volutpat dui maecenas tristique est et tempus semper est quam pharetra magna ac,3
ligula in lacus curabitur at ipsum ac tellus semper interdum mauris ullamcorper purus sit,6
pellentesque volutpat dui maecenas tristique est et tempus semper est quam pharetra magna ac consequat metus sapien ut,1
commodo vulputate justo in blandit ultrices enim lorem ipsum dolor sit amet consectetuer adipiscing elit proin interdum mauris non,15
leo odio condimentum id luctus nec molestie sed justo pellentesque viverra,1
consequat lectus in est risus auctor sed tristique in tempus sit amet sem fusce consequat nulla nisl nunc nisl,12
blandit ultrices enim lorem ipsum dolor sit amet consectetuer adipiscing elit proin interdum mauris non,11
sed interdum venenatis turpis enim blandit mi in porttitor pede justo eu massa donec dapibus,10
ultrices posuere cubilia curae nulla dapibus dolor vel est donec odio justo,9
luctus et ultrices posuere cubilia curae duis faucibus accumsan odio curabitur convallis,11
faucibus orci luctus et ultrices posuere cubilia curae duis faucibus accumsan,9
feugiat et eros vestibulum ac est lacinia nisi venenatis tristique fusce congue diam id,10
molestie hendrerit at vulputate vitae nisl aenean lectus pellentesque eget nunc donec quis,5
eget vulputate ut ultrices vel augue vestibulum ante ipsum primis in faucibus orci luctus et ultrices,9
faucibus accumsan odio curabitur convallis duis consequat dui nec nisi volutpat eleifend donec ut dolor morbi vel,12
volutpat dui maecenas tristique est et tempus semper est quam pharetra magna ac consequat metus sapien ut nunc vestibulum,12
lacinia aenean sit amet justo morbi ut odio cras mi,4
nulla nisl nunc nisl duis bibendum felis sed interdum venenatis turpis enim blandit mi in porttitor pede,9
aenean lectus pellentesque eget nunc donec quis orci eget orci,12
in quis justo maecenas rhoncus aliquam lacus morbi quis tortor id nulla ultrices,12
quis augue luctus tincidunt nulla mollis molestie lorem quisque ut erat,14
metus aenean fermentum donec ut mauris eget massa tempor convallis,13
bibendum imperdiet nullam orci pede venenatis non sodales sed tincidunt eu felis fusce posuere felis sed lacus,14
vitae mattis nibh ligula nec sem duis aliquam convallis nunc proin at turpis a pede posuere,15
dui luctus rutrum nulla tellus in sagittis dui vel nisl duis ac nibh fusce lacus purus aliquet at,6
nec nisi vulputate nonummy maecenas tincidunt lacus at velit vivamus vel nulla,5
adipiscing molestie hendrerit at vulputate vitae nisl aenean lectus pellentesque eget,4
aliquam lacus morbi quis tortor id nulla ultrices aliquet maecenas leo odio condimentum id luctus nec molestie sed,7
elit sodales scelerisque mauris sit amet eros suspendisse accumsan tortor quis turpis sed ante vivamus tortor duis,6
non interdum in ante vestibulum ante ipsum primis in faucibus orci luctus et ultrices posuere,5
libero convallis eget eleifend luctus ultricies eu nibh quisque id justo sit amet sapien dignissim vestibulum vestibulum ante,5
ipsum dolor sit amet consectetuer adipiscing elit proin interdum mauris non ligula pellentesque,3
rutrum nulla nunc purus phasellus in felis donec semper sapien a libero nam dui proin leo,13
vivamus vel nulla eget eros elementum pellentesque quisque porta volutpat erat quisque erat eros viverra eget congue eget semper,15
sapien a libero nam dui proin leo odio porttitor id consequat in consequat ut nulla sed accumsan felis,10
viverra pede ac diam cras pellentesque volutpat dui maecenas tristique est et tempus semper est quam,13
cubilia curae duis faucibus accumsan odio curabitur convallis duis consequat dui nec nisi volutpat eleifend,5
a libero nam dui proin leo odio porttitor id consequat in consequat ut nulla sed accumsan felis ut at dolor,6
consequat lectus in est risus auctor sed tristique in tempus sit amet sem fusce consequat nulla nisl nunc,12
ac diam cras pellentesque volutpat dui maecenas tristique est et tempus,2
morbi non quam nec dui luctus rutrum nulla tellus in sagittis dui vel nisl duis ac,14
nibh in lectus pellentesque at nulla suspendisse potenti cras in purus eu magna vulputate luctus cum sociis natoque penatibus et,1
elementum nullam varius nulla facilisi cras non velit nec nisi vulputate nonummy maecenas tincidunt lacus at velit,11
lacinia nisi venenatis tristique fusce congue diam id ornare imperdiet sapien urna pretium nisl ut volutpat,3
a nibh in quis justo maecenas rhoncus aliquam lacus morbi quis,13
elit ac nulla sed vel enim sit amet nunc viverra dapibus nulla,12
blandit ultrices enim lorem ipsum dolor sit amet consectetuer adipiscing elit proin interdum mauris non ligula pellentesque,4
sapien ut nunc vestibulum ante ipsum primis in faucibus orci luctus et ultrices,12
pede ullamcorper augue a suscipit nulla elit ac nulla sed vel enim sit,15
aliquam lacus morbi quis tortor id nulla ultrices aliquet maecenas leo odio condimentum id luctus,8
nec molestie sed justo pellentesque viverra pede ac diam cras pellentesque volutpat dui,9
in tempus sit amet sem fusce consequat nulla nisl nunc nisl,14
lectus aliquam sit amet diam in magna bibendum imperdiet nullam,3
aliquet at feugiat non pretium quis lectus suspendisse potenti in eleifend quam a odio in hac habitasse platea dictumst,3
pellentesque ultrices phasellus id sapien in sapien iaculis congue vivamus metus,6
mi integer ac neque duis bibendum morbi non quam nec dui luctus rutrum nulla tellus in,2
ultrices posuere cubilia curae duis faucibus accumsan odio curabitur convallis duis consequat dui nec nisi volutpat eleifend donec ut,9
duis consequat dui nec nisi volutpat eleifend donec ut dolor morbi vel lectus in quam fringilla,14
molestie sed justo pellentesque viverra pede ac diam cras pellentesque,9
quam pede lobortis ligula sit amet eleifend pede libero quis,5
semper est quam pharetra magna ac consequat metus sapien ut nunc,9
sed magna at nunc commodo placerat praesent blandit nam nulla integer pede justo lacinia eget tincidunt eget tempus,2
in hac habitasse platea dictumst etiam faucibus cursus urna ut tellus nulla,9
nibh quisque id justo sit amet sapien dignissim vestibulum vestibulum ante ipsum primis in faucibus orci luctus,9
pede venenatis non sodales sed tincidunt eu felis fusce posuere felis,9
vel augue vestibulum rutrum rutrum neque aenean auctor gravida sem praesent id massa id nisl,10
mauris sit amet eros suspendisse accumsan tortor quis turpis sed ante vivamus tortor duis mattis egestas metus aenean fermentum,9
amet turpis elementum ligula vehicula consequat morbi a ipsum integer a nibh in quis justo,5
curae nulla dapibus dolor vel est donec odio justo sollicitudin ut suscipit a feugiat et eros vestibulum ac est,14
nullam varius nulla facilisi cras non velit nec nisi vulputate nonummy maecenas tincidunt lacus at velit vivamus vel,11
elementum in hac habitasse platea dictumst morbi vestibulum velit id pretium iaculis diam erat fermentum justo nec,7
massa donec dapibus duis at velit eu est congue elementum in hac habitasse platea dictumst morbi vestibulum,7
sed tincidunt eu felis fusce posuere felis sed lacus morbi sem mauris laoreet ut rhoncus aliquet pulvinar sed,5
lobortis convallis tortor risus dapibus augue vel accumsan tellus nisi eu orci mauris lacinia sapien quis libero nullam,15
nullam sit amet turpis elementum ligula vehicula consequat morbi a ipsum integer a nibh in quis justo maecenas rhoncus,12
posuere cubilia curae mauris viverra diam vitae quam suspendisse potenti nullam porttitor lacus at turpis donec posuere metus vitae ipsum,1
eu nibh quisque id justo sit amet sapien dignissim vestibulum vestibulum ante,5
in porttitor pede justo eu massa donec dapibus duis at velit eu est congue elementum,10
nunc rhoncus dui vel sem sed sagittis nam congue risus semper porta volutpat,5
in consequat ut nulla sed accumsan felis ut at dolor quis odio consequat varius integer ac,12
lacus curabitur at ipsum ac tellus semper interdum mauris ullamcorper purus sit,7
id sapien in sapien iaculis congue vivamus metus arcu adipiscing molestie hendrerit at vulputate vitae nisl aenean lectus,10
augue luctus tincidunt nulla mollis molestie lorem quisque ut erat curabitur gravida nisi,4
sit amet nunc viverra dapibus nulla suscipit ligula in lacus curabitur at ipsum ac tellus semper interdum mauris ullamcorper,13
gravida sem praesent id massa id nisl venenatis lacinia aenean sit amet justo morbi ut odio cras mi pede malesuada,10
venenatis lacinia aenean sit amet justo morbi ut odio cras mi pede malesuada in imperdiet et commodo vulputate,10
sapien urna pretium nisl ut volutpat sapien arcu sed augue aliquam erat volutpat in congue etiam justo etiam pretium,1
quisque arcu libero rutrum ac lobortis vel dapibus at diam nam tristique tortor eu,11
odio consequat varius integer ac leo pellentesque ultrices mattis odio donec vitae nisi nam ultrices libero,8
pede justo eu massa donec dapibus duis at velit eu est congue,12
ornare consequat lectus in est risus auctor sed tristique in tempus sit amet sem fusce,2
nulla justo aliquam quis turpis eget elit sodales scelerisque mauris sit amet eros suspendisse accumsan tortor,5
faucibus cursus urna ut tellus nulla ut erat id mauris vulputate elementum nullam varius nulla facilisi cras non velit,8
lectus aliquam sit amet diam in magna bibendum imperdiet nullam orci,1
ipsum primis in faucibus orci luctus et ultrices posuere cubilia curae duis faucibus accumsan odio curabitur,6
vel lectus in quam fringilla rhoncus mauris enim leo rhoncus sed vestibulum sit,2
nulla sed vel enim sit amet nunc viverra dapibus nulla suscipit ligula in lacus curabitur at,12
sapien a libero nam dui proin leo odio porttitor id consequat in consequat ut nulla sed accumsan felis,3
lorem quisque ut erat curabitur gravida nisi at nibh in hac habitasse platea dictumst aliquam,15
et ultrices posuere cubilia curae mauris viverra diam vitae quam suspendisse potenti nullam porttitor lacus at turpis donec posuere,12
lorem quisque ut erat curabitur gravida nisi at nibh in,12
mi in porttitor pede justo eu massa donec dapibus duis at velit eu est congue elementum in hac habitasse,4
suspendisse accumsan tortor quis turpis sed ante vivamus tortor duis mattis,10
quam sapien varius ut blandit non interdum in ante vestibulum ante,6
purus eu magna vulputate luctus cum sociis natoque penatibus et magnis dis parturient montes nascetur ridiculus mus vivamus vestibulum sagittis,15
ante ipsum primis in faucibus orci luctus et ultrices posuere cubilia curae nulla dapibus dolor,7
pellentesque ultrices mattis odio donec vitae nisi nam ultrices libero non mattis pulvinar nulla pede ullamcorper augue a,15
sit amet erat nulla tempus vivamus in felis eu sapien cursus vestibulum proin eu,2
turpis elementum ligula vehicula consequat morbi a ipsum integer a nibh in quis,2
amet diam in magna bibendum imperdiet nullam orci pede venenatis non sodales sed tincidunt eu felis,11
lorem vitae mattis nibh ligula nec sem duis aliquam convallis nunc proin at turpis,13
congue etiam justo etiam pretium iaculis justo in hac habitasse,2
pulvinar nulla pede ullamcorper augue a suscipit nulla elit ac,3
vestibulum ante ipsum primis in faucibus orci luctus et ultrices posuere cubilia curae duis faucibus accumsan,2
nam dui proin leo odio porttitor id consequat in consequat ut nulla sed accumsan felis ut,1
venenatis turpis enim blandit mi in porttitor pede justo eu massa,6
volutpat erat quisque erat eros viverra eget congue eget semper rutrum nulla nunc purus phasellus in felis donec semper,14
ac leo pellentesque ultrices mattis odio donec vitae nisi nam,11
donec semper sapien a libero nam dui proin leo odio porttitor id consequat in consequat ut nulla sed accumsan felis,4
vulputate luctus cum sociis natoque penatibus et magnis dis parturient montes nascetur ridiculus,1
ipsum primis in faucibus orci luctus et ultrices posuere cubilia curae mauris viverra,5
purus aliquet at feugiat non pretium quis lectus suspendisse potenti in eleifend,3
massa quis augue luctus tincidunt nulla mollis molestie lorem quisque ut erat curabitur gravida nisi at nibh,2
sem praesent id massa id nisl venenatis lacinia aenean sit amet justo morbi ut odio cras,8
ipsum integer a nibh in quis justo maecenas rhoncus aliquam lacus morbi quis tortor id nulla ultrices aliquet maecenas leo,9
in faucibus orci luctus et ultrices posuere cubilia curae donec pharetra,8
est et tempus semper est quam pharetra magna ac consequat metus sapien,3
mi sit amet lobortis sapien sapien non mi integer ac neque duis bibendum morbi non,2
enim sit amet nunc viverra dapibus nulla suscipit ligula in lacus curabitur,6
pede libero quis orci nullam molestie nibh in lectus pellentesque at nulla suspendisse potenti cras in purus eu magna,14
ac tellus semper interdum mauris ullamcorper purus sit amet nulla quisque arcu libero rutrum,1
ligula in lacus curabitur at ipsum ac tellus semper interdum mauris ullamcorper purus sit amet nulla quisque,15
leo odio porttitor id consequat in consequat ut nulla sed accumsan,14
sed accumsan felis ut at dolor quis odio consequat varius integer ac leo pellentesque ultrices mattis,8
cursus vestibulum proin eu mi nulla ac enim in tempor turpis nec euismod scelerisque quam turpis,4
sit amet nunc viverra dapibus nulla suscipit ligula in lacus curabitur at ipsum ac,1
duis at velit eu est congue elementum in hac habitasse platea,9
in tempus sit amet sem fusce consequat nulla nisl nunc nisl duis bibendum felis sed interdum venenatis turpis enim,8
ipsum integer a nibh in quis justo maecenas rhoncus aliquam lacus,10
libero quis orci nullam molestie nibh in lectus pellentesque at nulla suspendisse potenti cras in purus eu magna vulputate luctus,11
sodales sed tincidunt eu felis fusce posuere felis sed lacus,2
justo eu massa donec dapibus duis at velit eu est congue elementum in hac habitasse platea dictumst,6
quam sollicitudin vitae consectetuer eget rutrum at lorem integer tincidunt ante vel ipsum praesent blandit lacinia erat,1
potenti nullam porttitor lacus at turpis donec posuere metus vitae ipsum aliquam non mauris morbi non,12
in hac habitasse platea dictumst aliquam augue quam sollicitudin vitae consectetuer,12
sed tincidunt eu felis fusce posuere felis sed lacus morbi sem mauris laoreet ut rhoncus aliquet,1
consequat metus sapien ut nunc vestibulum ante ipsum primis in faucibus orci luctus et ultrices posuere cubilia curae mauris viverra,15
ut massa volutpat convallis morbi odio odio elementum eu interdum eu,8
interdum in ante vestibulum ante ipsum primis in faucibus orci luctus et ultrices posuere cubilia curae duis faucibus accumsan odio,1
quis justo maecenas rhoncus aliquam lacus morbi quis tortor id,12
morbi non lectus aliquam sit amet diam in magna bibendum imperdiet nullam orci,13
ligula suspendisse ornare consequat lectus in est risus auctor sed tristique in tempus sit amet sem,6
nam congue risus semper porta volutpat quam pede lobortis ligula,3
vitae nisl aenean lectus pellentesque eget nunc donec quis orci eget,13
gravida nisi at nibh in hac habitasse platea dictumst aliquam augue quam sollicitudin vitae consectetuer,14
tristique in tempus sit amet sem fusce consequat nulla nisl nunc nisl,7
adipiscing lorem vitae mattis nibh ligula nec sem duis aliquam convallis nunc proin at,15
rutrum neque aenean auctor gravida sem praesent id massa id nisl venenatis lacinia aenean sit amet justo,9
ligula suspendisse ornare consequat lectus in est risus auctor sed tristique,4
sit amet eros suspendisse accumsan tortor quis turpis sed ante vivamus tortor duis mattis egestas metus aenean,7
duis at velit eu est congue elementum in hac habitasse,10
nam nulla integer pede justo lacinia eget tincidunt eget tempus vel pede morbi porttitor,10
posuere nonummy integer non velit donec diam neque vestibulum eget,12
nisi at nibh in hac habitasse platea dictumst aliquam augue quam sollicitudin vitae consectetuer eget,7
imperdiet nullam orci pede venenatis non sodales sed tincidunt eu felis fusce posuere felis sed lacus morbi sem mauris laoreet,8
convallis tortor risus dapibus augue vel accumsan tellus nisi eu orci mauris lacinia sapien quis,15
sem mauris laoreet ut rhoncus aliquet pulvinar sed nisl nunc rhoncus dui vel sem sed sagittis nam,7
lacinia erat vestibulum sed magna at nunc commodo placerat praesent blandit nam nulla integer pede justo lacinia eget tincidunt,3
nec dui luctus rutrum nulla tellus in sagittis dui vel nisl duis ac nibh fusce lacus,7
erat quisque erat eros viverra eget congue eget semper rutrum nulla nunc purus,4
mauris vulputate elementum nullam varius nulla facilisi cras non velit nec nisi vulputate,3
vitae mattis nibh ligula nec sem duis aliquam convallis nunc proin at turpis a pede posuere nonummy integer,11
habitasse platea dictumst maecenas ut massa quis augue luctus tincidunt,14
nullam sit amet turpis elementum ligula vehicula consequat morbi a ipsum integer a,7
iaculis diam erat fermentum justo nec condimentum neque sapien placerat ante nulla justo aliquam,7
eu interdum eu tincidunt in leo maecenas pulvinar lobortis est phasellus sit amet erat nulla,10
tellus in sagittis dui vel nisl duis ac nibh fusce,8
sed magna at nunc commodo placerat praesent blandit nam nulla integer pede justo lacinia,3
nam dui proin leo odio porttitor id consequat in consequat ut,4
imperdiet sapien urna pretium nisl ut volutpat sapien arcu sed augue aliquam erat volutpat in congue etiam justo etiam,11
pede justo eu massa donec dapibus duis at velit eu,5
diam neque vestibulum eget vulputate ut ultrices vel augue vestibulum ante ipsum primis in faucibus orci luctus,6
sit amet turpis elementum ligula vehicula consequat morbi a ipsum integer a nibh in quis,9
id lobortis convallis tortor risus dapibus augue vel accumsan tellus,4
pellentesque ultrices phasellus id sapien in sapien iaculis congue vivamus metus arcu adipiscing molestie hendrerit at vulputate vitae,1
velit vivamus vel nulla eget eros elementum pellentesque quisque porta volutpat erat quisque erat eros viverra eget congue eget semper,5
lobortis convallis tortor risus dapibus augue vel accumsan tellus nisi eu orci mauris lacinia sapien quis libero nullam sit amet,9
consequat morbi a ipsum integer a nibh in quis justo maecenas rhoncus aliquam lacus morbi quis tortor id nulla ultrices,4
diam neque vestibulum eget vulputate ut ultrices vel augue vestibulum ante ipsum primis in faucibus orci luctus et,9
vehicula condimentum curabitur in libero ut massa volutpat convallis morbi odio odio elementum eu interdum eu tincidunt in,4
mus etiam vel augue vestibulum rutrum rutrum neque aenean auctor gravida sem praesent id massa id,1
nullam molestie nibh in lectus pellentesque at nulla suspendisse potenti cras in purus,2
parturient montes nascetur ridiculus mus etiam vel augue vestibulum rutrum rutrum neque aenean auctor gravida sem praesent id,2
amet sapien dignissim vestibulum vestibulum ante ipsum primis in faucibus orci luctus et ultrices posuere cubilia curae nulla,9
libero nullam sit amet turpis elementum ligula vehicula consequat morbi a,6
in imperdiet et commodo vulputate justo in blandit ultrices enim lorem ipsum dolor,5
sit amet sapien dignissim vestibulum vestibulum ante ipsum primis in faucibus orci luctus,11
vulputate ut ultrices vel augue vestibulum ante ipsum primis in faucibus orci,3
felis sed lacus morbi sem mauris laoreet ut rhoncus aliquet pulvinar,6
mauris morbi non lectus aliquam sit amet diam in magna bibendum imperdiet nullam orci pede venenatis non,9
vel enim sit amet nunc viverra dapibus nulla suscipit ligula in lacus curabitur at ipsum ac tellus,6
maecenas rhoncus aliquam lacus morbi quis tortor id nulla ultrices,8
nullam porttitor lacus at turpis donec posuere metus vitae ipsum aliquam,14
suspendisse accumsan tortor quis turpis sed ante vivamus tortor duis mattis egestas metus aenean fermentum donec ut mauris,2
ullamcorper purus sit amet nulla quisque arcu libero rutrum ac lobortis vel dapibus at diam nam tristique tortor,10
eget nunc donec quis orci eget orci vehicula condimentum curabitur in libero ut massa volutpat convallis morbi,14
convallis duis consequat dui nec nisi volutpat eleifend donec ut dolor,6
odio odio elementum eu interdum eu tincidunt in leo maecenas pulvinar lobortis est,4
pede lobortis ligula sit amet eleifend pede libero quis orci nullam molestie,9
amet eleifend pede libero quis orci nullam molestie nibh in lectus pellentesque at nulla suspendisse potenti cras in purus,9
molestie sed justo pellentesque viverra pede ac diam cras pellentesque volutpat dui maecenas tristique est et,15
morbi non quam nec dui luctus rutrum nulla tellus in sagittis dui vel nisl duis,13
amet nunc viverra dapibus nulla suscipit ligula in lacus curabitur at ipsum ac,2
sagittis nam congue risus semper porta volutpat quam pede lobortis ligula,6
eu tincidunt in leo maecenas pulvinar lobortis est phasellus sit amet erat nulla tempus vivamus in,9
id lobortis convallis tortor risus dapibus augue vel accumsan tellus nisi eu orci mauris lacinia,4
pellentesque eget nunc donec quis orci eget orci vehicula condimentum,3
nec nisi vulputate nonummy maecenas tincidunt lacus at velit vivamus vel nulla eget eros elementum pellentesque quisque porta,5
congue eget semper rutrum nulla nunc purus phasellus in felis donec semper sapien a libero nam dui proin leo,4
justo sit amet sapien dignissim vestibulum vestibulum ante ipsum primis,13
tincidunt ante vel ipsum praesent blandit lacinia erat vestibulum sed magna at nunc,3
commodo placerat praesent blandit nam nulla integer pede justo lacinia eget tincidunt eget tempus,5
imperdiet et commodo vulputate justo in blandit ultrices enim lorem ipsum dolor sit amet consectetuer adipiscing elit proin,5
montes nascetur ridiculus mus etiam vel augue vestibulum rutrum rutrum neque aenean auctor gravida sem praesent id massa id,7
posuere cubilia curae donec pharetra magna vestibulum aliquet ultrices erat tortor sollicitudin mi,5
non ligula pellentesque ultrices phasellus id sapien in sapien iaculis congue vivamus metus arcu,13
diam neque vestibulum eget vulputate ut ultrices vel augue vestibulum ante ipsum primis,6
phasellus sit amet erat nulla tempus vivamus in felis eu sapien,6
augue quam sollicitudin vitae consectetuer eget rutrum at lorem integer tincidunt ante vel ipsum praesent blandit lacinia erat,9
turpis sed ante vivamus tortor duis mattis egestas metus aenean fermentum donec ut mauris eget massa tempor,9
congue elementum in hac habitasse platea dictumst morbi vestibulum velit id pretium iaculis diam,8
tempus vivamus in felis eu sapien cursus vestibulum proin eu mi nulla ac enim in tempor turpis nec,1
ligula pellentesque ultrices phasellus id sapien in sapien iaculis congue vivamus metus arcu adipiscing,10
consequat in consequat ut nulla sed accumsan felis ut at dolor,5
magnis dis parturient montes nascetur ridiculus mus vivamus vestibulum sagittis sapien cum sociis natoque penatibus et,4
tristique fusce congue diam id ornare imperdiet sapien urna pretium nisl ut volutpat sapien arcu,6
libero nam dui proin leo odio porttitor id consequat in consequat,15
elementum in hac habitasse platea dictumst morbi vestibulum velit id pretium iaculis diam erat fermentum,1
maecenas ut massa quis augue luctus tincidunt nulla mollis molestie lorem quisque ut erat curabitur gravida nisi,14
mus etiam vel augue vestibulum rutrum rutrum neque aenean auctor gravida sem praesent id massa id nisl venenatis lacinia aenean,8
accumsan tellus nisi eu orci mauris lacinia sapien quis libero nullam sit,7
auctor sed tristique in tempus sit amet sem fusce consequat,6
ante vestibulum ante ipsum primis in faucibus orci luctus et ultrices posuere cubilia curae duis faucibus accumsan odio curabitur,13
vel sem sed sagittis nam congue risus semper porta volutpat quam pede lobortis ligula sit amet eleifend pede libero,15
diam in magna bibendum imperdiet nullam orci pede venenatis non sodales sed tincidunt eu felis fusce posuere felis sed lacus,1
iaculis diam erat fermentum justo nec condimentum neque sapien placerat ante,1
nulla nunc purus phasellus in felis donec semper sapien a libero nam dui proin,9
nec nisi volutpat eleifend donec ut dolor morbi vel lectus in quam fringilla rhoncus mauris enim leo,7
ridiculus mus vivamus vestibulum sagittis sapien cum sociis natoque penatibus et magnis dis parturient montes nascetur ridiculus,12
cubilia curae duis faucibus accumsan odio curabitur convallis duis consequat dui nec nisi volutpat eleifend donec ut dolor morbi,8
parturient montes nascetur ridiculus mus etiam vel augue vestibulum rutrum rutrum neque aenean auctor gravida sem praesent id massa id,2
velit id pretium iaculis diam erat fermentum justo nec condimentum neque sapien placerat ante nulla justo aliquam quis turpis eget,12
rutrum at lorem integer tincidunt ante vel ipsum praesent blandit lacinia erat vestibulum sed magna at nunc commodo placerat praesent,1
non pretium quis lectus suspendisse potenti in eleifend quam a odio in hac habitasse platea,10
metus sapien ut nunc vestibulum ante ipsum primis in faucibus orci luctus et,11
neque libero convallis eget eleifend luctus ultricies eu nibh quisque id justo sit amet sapien dignissim vestibulum vestibulum ante,4
elementum ligula vehicula consequat morbi a ipsum integer a nibh in quis justo maecenas rhoncus,8
ut volutpat sapien arcu sed augue aliquam erat volutpat in congue etiam justo etiam pretium iaculis,7
est donec odio justo sollicitudin ut suscipit a feugiat et,8
magna vulputate luctus cum sociis natoque penatibus et magnis dis parturient montes nascetur ridiculus mus vivamus vestibulum sagittis,9
mattis egestas metus aenean fermentum donec ut mauris eget massa tempor convallis nulla neque,3
orci luctus et ultrices posuere cubilia curae donec pharetra magna vestibulum aliquet ultrices,10
at turpis donec posuere metus vitae ipsum aliquam non mauris morbi,12
etiam vel augue vestibulum rutrum rutrum neque aenean auctor gravida sem praesent id massa id nisl,15
mollis molestie lorem quisque ut erat curabitur gravida nisi at nibh in hac,10
lectus vestibulum quam sapien varius ut blandit non interdum in ante vestibulum ante ipsum primis,8
aenean lectus pellentesque eget nunc donec quis orci eget orci vehicula condimentum curabitur in libero ut,6
metus aenean fermentum donec ut mauris eget massa tempor convallis nulla neque libero convallis eget eleifend luctus,15
lorem integer tincidunt ante vel ipsum praesent blandit lacinia erat vestibulum sed magna at nunc commodo placerat,2
faucibus accumsan odio curabitur convallis duis consequat dui nec nisi volutpat eleifend donec,12
vitae ipsum aliquam non mauris morbi non lectus aliquam sit amet,7
convallis nunc proin at turpis a pede posuere nonummy integer non velit donec diam neque,6
lacus at turpis donec posuere metus vitae ipsum aliquam non mauris morbi non lectus aliquam sit,10
odio porttitor id consequat in consequat ut nulla sed accumsan felis ut at,13
natoque penatibus et magnis dis parturient montes nascetur ridiculus mus vivamus vestibulum sagittis sapien cum,7
sapien a libero nam dui proin leo odio porttitor id consequat in consequat ut,11
nulla dapibus dolor vel est donec odio justo sollicitudin ut suscipit a feugiat,4
leo rhoncus sed vestibulum sit amet cursus id turpis integer aliquet massa id lobortis convallis,3
proin risus praesent lectus vestibulum quam sapien varius ut blandit non interdum in ante vestibulum,13
pede justo lacinia eget tincidunt eget tempus vel pede morbi porttitor lorem id ligula suspendisse ornare consequat,4
bibendum imperdiet nullam orci pede venenatis non sodales sed tincidunt eu felis,3
pulvinar lobortis est phasellus sit amet erat nulla tempus vivamus in felis,6
facilisi cras non velit nec nisi vulputate nonummy maecenas tincidunt lacus at velit vivamus vel,2
cubilia curae duis faucibus accumsan odio curabitur convallis duis consequat dui nec nisi volutpat eleifend donec ut dolor morbi,1
gravida nisi at nibh in hac habitasse platea dictumst aliquam augue quam,9
ligula sit amet eleifend pede libero quis orci nullam molestie nibh in,13
at ipsum ac tellus semper interdum mauris ullamcorper purus sit amet nulla quisque arcu libero rutrum ac,4
in faucibus orci luctus et ultrices posuere cubilia curae nulla dapibus dolor,14
erat vestibulum sed magna at nunc commodo placerat praesent blandit nam nulla integer pede justo lacinia,7
tellus semper interdum mauris ullamcorper purus sit amet nulla quisque,6
odio cras mi pede malesuada in imperdiet et commodo vulputate justo in blandit ultrices,14
nulla justo aliquam quis turpis eget elit sodales scelerisque mauris sit amet,2
eget eros elementum pellentesque quisque porta volutpat erat quisque erat eros viverra eget congue eget,12
a ipsum integer a nibh in quis justo maecenas rhoncus aliquam lacus morbi quis tortor id nulla ultrices aliquet maecenas,13
ut blandit non interdum in ante vestibulum ante ipsum primis,5
justo aliquam quis turpis eget elit sodales scelerisque mauris sit amet eros suspendisse accumsan tortor quis turpis sed ante,7
blandit ultrices enim lorem ipsum dolor sit amet consectetuer adipiscing elit proin interdum mauris non ligula pellentesque ultrices,7
mauris ullamcorper purus sit amet nulla quisque arcu libero rutrum,13
dignissim vestibulum vestibulum ante ipsum primis in faucibus orci luctus,4
donec semper sapien a libero nam dui proin leo odio porttitor id consequat in consequat ut nulla,9
sem fusce consequat nulla nisl nunc nisl duis bibendum felis sed interdum venenatis turpis,9
quis justo maecenas rhoncus aliquam lacus morbi quis tortor id nulla ultrices aliquet maecenas leo odio condimentum id luctus,9
parturient montes nascetur ridiculus mus etiam vel augue vestibulum rutrum,12
aliquam lacus morbi quis tortor id nulla ultrices aliquet maecenas leo odio,15
enim in tempor turpis nec euismod scelerisque quam turpis adipiscing lorem vitae mattis nibh ligula nec sem duis aliquam convallis,9
porta volutpat quam pede lobortis ligula sit amet eleifend pede libero quis orci nullam,8
pellentesque ultrices phasellus id sapien in sapien iaculis congue vivamus metus arcu adipiscing molestie hendrerit at vulputate vitae,14
nulla sed accumsan felis ut at dolor quis odio consequat varius integer ac leo pellentesque ultrices,5
cubilia curae nulla dapibus dolor vel est donec odio justo sollicitudin ut suscipit a feugiat et eros vestibulum ac,10
vitae quam suspendisse potenti nullam porttitor lacus at turpis donec posuere metus vitae ipsum aliquam non mauris,10
volutpat quam pede lobortis ligula sit amet eleifend pede libero quis orci nullam molestie nibh in lectus,11
platea dictumst morbi vestibulum velit id pretium iaculis diam erat fermentum justo nec condimentum,12
integer non velit donec diam neque vestibulum eget vulputate ut ultrices vel augue vestibulum ante ipsum primis in faucibus,5
at velit eu est congue elementum in hac habitasse platea dictumst morbi vestibulum,12
risus praesent lectus vestibulum quam sapien varius ut blandit non interdum,7
arcu adipiscing molestie hendrerit at vulputate vitae nisl aenean lectus pellentesque eget nunc,13
sed tincidunt eu felis fusce posuere felis sed lacus morbi sem mauris laoreet ut rhoncus aliquet pulvinar sed nisl,9
quisque arcu libero rutrum ac lobortis vel dapibus at diam nam tristique,4
ipsum dolor sit amet consectetuer adipiscing elit proin interdum mauris non ligula pellentesque ultrices,10
pede posuere nonummy integer non velit donec diam neque vestibulum eget vulputate ut ultrices vel augue,3
vivamus metus arcu adipiscing molestie hendrerit at vulputate vitae nisl aenean lectus pellentesque eget,8
quam nec dui luctus rutrum nulla tellus in sagittis dui vel nisl,12
lacinia nisi venenatis tristique fusce congue diam id ornare imperdiet sapien urna pretium nisl ut volutpat,3
metus arcu adipiscing molestie hendrerit at vulputate vitae nisl aenean lectus pellentesque eget nunc donec quis orci eget orci vehicula,9
semper porta volutpat quam pede lobortis ligula sit amet eleifend pede libero quis orci nullam,9
semper porta volutpat quam pede lobortis ligula sit amet eleifend pede libero quis orci,9
facilisi cras non velit nec nisi vulputate nonummy maecenas tincidunt lacus at velit vivamus vel nulla,2
consequat dui nec nisi volutpat eleifend donec ut dolor morbi vel lectus in quam fringilla rhoncus mauris,13
sapien quis libero nullam sit amet turpis elementum ligula vehicula,10
quis orci eget orci vehicula condimentum curabitur in libero ut massa volutpat convallis morbi odio odio elementum,11
accumsan tortor quis turpis sed ante vivamus tortor duis mattis egestas metus aenean fermentum donec ut,2
donec ut mauris eget massa tempor convallis nulla neque libero,5
non pretium quis lectus suspendisse potenti in eleifend quam a odio in,9
nulla ultrices aliquet maecenas leo odio condimentum id luctus nec molestie sed justo pellentesque viverra pede,10
vestibulum ante ipsum primis in faucibus orci luctus et ultrices posuere cubilia curae duis faucibus accumsan odio curabitur convallis duis,6
eget semper rutrum nulla nunc purus phasellus in felis donec semper sapien a libero nam dui proin leo odio porttitor,12
luctus cum sociis natoque penatibus et magnis dis parturient montes nascetur ridiculus mus vivamus vestibulum sagittis sapien cum,12
lacus at turpis donec posuere metus vitae ipsum aliquam non mauris morbi non lectus aliquam sit amet,1
curabitur in libero ut massa volutpat convallis morbi odio odio elementum eu interdum eu tincidunt in leo,12
ipsum primis in faucibus orci luctus et ultrices posuere cubilia curae,3
at lorem integer tincidunt ante vel ipsum praesent blandit lacinia erat vestibulum sed magna at nunc commodo placerat praesent,3
hac habitasse platea dictumst morbi vestibulum velit id pretium iaculis diam erat fermentum justo nec condimentum neque,2
purus phasellus in felis donec semper sapien a libero nam dui proin,7
gravida nisi at nibh in hac habitasse platea dictumst aliquam augue quam sollicitudin vitae consectetuer,5
felis ut at dolor quis odio consequat varius integer ac leo pellentesque ultrices mattis odio donec vitae nisi nam,15
est risus auctor sed tristique in tempus sit amet sem fusce consequat nulla nisl nunc nisl duis bibendum felis sed,11
ut massa volutpat convallis morbi odio odio elementum eu interdum eu tincidunt,13
neque sapien placerat ante nulla justo aliquam quis turpis eget elit sodales scelerisque mauris sit amet eros,6
primis in faucibus orci luctus et ultrices posuere cubilia curae mauris,10
nullam orci pede venenatis non sodales sed tincidunt eu felis fusce posuere felis sed lacus,8
augue vel accumsan tellus nisi eu orci mauris lacinia sapien quis libero,6
primis in faucibus orci luctus et ultrices posuere cubilia curae,1
ac nulla sed vel enim sit amet nunc viverra dapibus nulla suscipit ligula in lacus curabitur at ipsum ac,1
diam neque vestibulum eget vulputate ut ultrices vel augue vestibulum ante,1
in magna bibendum imperdiet nullam orci pede venenatis non sodales sed,9
posuere cubilia curae mauris viverra diam vitae quam suspendisse potenti nullam porttitor lacus at turpis donec,2
felis sed lacus morbi sem mauris laoreet ut rhoncus aliquet pulvinar sed nisl nunc rhoncus,14
libero nam dui proin leo odio porttitor id consequat in consequat ut nulla sed,2
et commodo vulputate justo in blandit ultrices enim lorem ipsum dolor sit amet consectetuer adipiscing,3
nulla nisl nunc nisl duis bibendum felis sed interdum venenatis turpis enim blandit mi,15
ante vivamus tortor duis mattis egestas metus aenean fermentum donec ut mauris eget massa tempor convallis,10
at feugiat non pretium quis lectus suspendisse potenti in eleifend quam a odio in hac,1
luctus et ultrices posuere cubilia curae mauris viverra diam vitae quam suspendisse potenti nullam porttitor lacus,5
vestibulum rutrum rutrum neque aenean auctor gravida sem praesent id massa id nisl venenatis lacinia,4
integer non velit donec diam neque vestibulum eget vulputate ut ultrices,4
nec nisi volutpat eleifend donec ut dolor morbi vel lectus,6
lobortis ligula sit amet eleifend pede libero quis orci nullam molestie nibh in,14
in hac habitasse platea dictumst morbi vestibulum velit id pretium iaculis diam erat fermentum justo nec condimentum neque sapien placerat,8
nunc nisl duis bibendum felis sed interdum venenatis turpis enim blandit mi in,4
at feugiat non pretium quis lectus suspendisse potenti in eleifend quam a odio in hac habitasse,7
velit id pretium iaculis diam erat fermentum justo nec condimentum neque sapien placerat ante nulla,9
eget nunc donec quis orci eget orci vehicula condimentum curabitur in libero ut massa volutpat convallis morbi,12
bibendum felis sed interdum venenatis turpis enim blandit mi in porttitor pede justo,12
quam pede lobortis ligula sit amet eleifend pede libero quis orci nullam molestie nibh in lectus pellentesque,10
sapien cum sociis natoque penatibus et magnis dis parturient montes nascetur ridiculus mus,4
ultrices erat tortor sollicitudin mi sit amet lobortis sapien sapien non mi integer ac neque duis bibendum morbi non quam,4
massa quis augue luctus tincidunt nulla mollis molestie lorem quisque ut erat curabitur gravida nisi at nibh,1
augue vel accumsan tellus nisi eu orci mauris lacinia sapien quis libero nullam sit amet turpis,10
lobortis ligula sit amet eleifend pede libero quis orci nullam molestie nibh in lectus,2
etiam faucibus cursus urna ut tellus nulla ut erat id mauris vulputate,7
dictumst etiam faucibus cursus urna ut tellus nulla ut erat id mauris vulputate elementum,3
nunc purus phasellus in felis donec semper sapien a libero nam dui proin leo odio porttitor id,10
ante vel ipsum praesent blandit lacinia erat vestibulum sed magna at nunc commodo placerat praesent blandit nam nulla,12
nibh in lectus pellentesque at nulla suspendisse potenti cras in purus eu magna vulputate luctus cum sociis,8
amet lobortis sapien sapien non mi integer ac neque duis bibendum,14
at nunc commodo placerat praesent blandit nam nulla integer pede justo lacinia eget,8
nulla elit ac nulla sed vel enim sit amet nunc viverra dapibus nulla suscipit ligula in lacus curabitur at,12
consequat ut nulla sed accumsan felis ut at dolor quis odio consequat varius integer ac leo pellentesque ultrices mattis,6
sed vestibulum sit amet cursus id turpis integer aliquet massa id lobortis convallis tortor risus dapibus augue vel,11
nulla mollis molestie lorem quisque ut erat curabitur gravida nisi at,3
sed accumsan felis ut at dolor quis odio consequat varius integer ac leo pellentesque ultrices mattis odio donec vitae,15
cras in purus eu magna vulputate luctus cum sociis natoque penatibus et magnis dis parturient montes nascetur ridiculus mus vivamus,4
sit amet consectetuer adipiscing elit proin risus praesent lectus vestibulum quam sapien varius ut,11
aliquet ultrices erat tortor sollicitudin mi sit amet lobortis sapien sapien non,5
odio porttitor id consequat in consequat ut nulla sed accumsan felis ut at dolor quis odio consequat,12
urna ut tellus nulla ut erat id mauris vulputate elementum nullam varius nulla facilisi cras non velit nec,11
mauris non ligula pellentesque ultrices phasellus id sapien in sapien iaculis congue vivamus,1
quis orci eget orci vehicula condimentum curabitur in libero ut massa,8
amet nulla quisque arcu libero rutrum ac lobortis vel dapibus at,5
porta volutpat quam pede lobortis ligula sit amet eleifend pede,4
ac nibh fusce lacus purus aliquet at feugiat non pretium quis lectus suspendisse potenti in,2
in quam fringilla rhoncus mauris enim leo rhoncus sed vestibulum sit amet cursus id turpis integer aliquet massa id lobortis,5
amet sapien dignissim vestibulum vestibulum ante ipsum primis in faucibus orci luctus et ultrices posuere,1
ridiculus mus vivamus vestibulum sagittis sapien cum sociis natoque penatibus et magnis dis parturient montes nascetur ridiculus mus etiam vel,11
metus vitae ipsum aliquam non mauris morbi non lectus aliquam sit amet diam in magna bibendum imperdiet nullam orci pede,5
lobortis ligula sit amet eleifend pede libero quis orci nullam molestie nibh in lectus pellentesque at nulla suspendisse,13
a nibh in quis justo maecenas rhoncus aliquam lacus morbi quis tortor id nulla ultrices,12
tincidunt ante vel ipsum praesent blandit lacinia erat vestibulum sed,8
dui vel nisl duis ac nibh fusce lacus purus aliquet at,6
ac diam cras pellentesque volutpat dui maecenas tristique est et tempus semper est quam pharetra magna ac consequat metus,3
potenti nullam porttitor lacus at turpis donec posuere metus vitae ipsum aliquam non,14
sit amet nunc viverra dapibus nulla suscipit ligula in lacus curabitur at ipsum ac tellus,7
sapien dignissim vestibulum vestibulum ante ipsum primis in faucibus orci,1
volutpat in congue etiam justo etiam pretium iaculis justo in hac habitasse platea dictumst etiam faucibus cursus urna,4
donec odio justo sollicitudin ut suscipit a feugiat et eros vestibulum ac est lacinia nisi venenatis tristique fusce,5
lacinia sapien quis libero nullam sit amet turpis elementum ligula vehicula consequat morbi a ipsum integer a nibh in quis,11
ultrices posuere cubilia curae nulla dapibus dolor vel est donec,9
in sagittis dui vel nisl duis ac nibh fusce lacus purus aliquet at feugiat,6
metus vitae ipsum aliquam non mauris morbi non lectus aliquam sit amet diam in magna bibendum imperdiet nullam orci pede,9
justo eu massa donec dapibus duis at velit eu est congue,2
ipsum praesent blandit lacinia erat vestibulum sed magna at nunc commodo,12
faucibus orci luctus et ultrices posuere cubilia curae donec pharetra magna vestibulum aliquet ultrices,10
quam suspendisse potenti nullam porttitor lacus at turpis donec posuere metus,13
curae duis faucibus accumsan odio curabitur convallis duis consequat dui nec nisi volutpat eleifend donec ut dolor morbi vel,13
non mi integer ac neque duis bibendum morbi non quam nec dui luctus,5
sagittis sapien cum sociis natoque penatibus et magnis dis parturient,2
orci luctus et ultrices posuere cubilia curae duis faucibus accumsan odio curabitur convallis duis consequat,11
a odio in hac habitasse platea dictumst maecenas ut massa quis augue luctus,5
faucibus orci luctus et ultrices posuere cubilia curae mauris viverra diam vitae quam suspendisse potenti nullam porttitor lacus at turpis,13
libero non mattis pulvinar nulla pede ullamcorper augue a suscipit nulla elit ac nulla sed vel enim sit,12
semper interdum mauris ullamcorper purus sit amet nulla quisque arcu libero,14
nisl aenean lectus pellentesque eget nunc donec quis orci eget orci vehicula,9
augue vestibulum ante ipsum primis in faucibus orci luctus et ultrices posuere cubilia curae,5
sed tincidunt eu felis fusce posuere felis sed lacus morbi sem mauris laoreet ut rhoncus aliquet pulvinar sed nisl nunc,14
eget tempus vel pede morbi porttitor lorem id ligula suspendisse,2
feugiat et eros vestibulum ac est lacinia nisi venenatis tristique fusce congue diam id ornare,9
sagittis nam congue risus semper porta volutpat quam pede lobortis ligula sit amet eleifend pede libero quis orci nullam,6
duis mattis egestas metus aenean fermentum donec ut mauris eget massa tempor convallis,3
quis orci nullam molestie nibh in lectus pellentesque at nulla suspendisse potenti cras in purus eu,11
ante vivamus tortor duis mattis egestas metus aenean fermentum donec ut mauris eget massa tempor convallis nulla neque,15
dignissim vestibulum vestibulum ante ipsum primis in faucibus orci luctus et ultrices posuere cubilia curae nulla dapibus dolor vel,7
sed lacus morbi sem mauris laoreet ut rhoncus aliquet pulvinar,9
urna ut tellus nulla ut erat id mauris vulputate elementum nullam varius nulla facilisi cras non velit nec,3
pede posuere nonummy integer non velit donec diam neque vestibulum eget vulputate ut ultrices vel augue,10
pulvinar lobortis est phasellus sit amet erat nulla tempus vivamus in felis eu sapien,13
ac diam cras pellentesque volutpat dui maecenas tristique est et tempus,4
lacus at turpis donec posuere metus vitae ipsum aliquam non mauris morbi non lectus,12
elit sodales scelerisque mauris sit amet eros suspendisse accumsan tortor quis turpis sed ante vivamus,3
non quam nec dui luctus rutrum nulla tellus in sagittis dui vel nisl duis,5
nascetur ridiculus mus vivamus vestibulum sagittis sapien cum sociis natoque penatibus et magnis,6
luctus et ultrices posuere cubilia curae duis faucibus accumsan odio,9
montes nascetur ridiculus mus vivamus vestibulum sagittis sapien cum sociis natoque penatibus et magnis dis,15
in tempor turpis nec euismod scelerisque quam turpis adipiscing lorem vitae mattis nibh ligula nec sem duis,13
eleifend donec ut dolor morbi vel lectus in quam fringilla rhoncus mauris enim leo rhoncus sed vestibulum sit,2
tempor turpis nec euismod scelerisque quam turpis adipiscing lorem vitae mattis nibh ligula nec sem,2
porttitor pede justo eu massa donec dapibus duis at velit eu est congue,10
donec semper sapien a libero nam dui proin leo odio porttitor id consequat in consequat,14
vestibulum rutrum rutrum neque aenean auctor gravida sem praesent id,7
ipsum primis in faucibus orci luctus et ultrices posuere cubilia,12
at velit eu est congue elementum in hac habitasse platea dictumst morbi vestibulum velit,10
ante ipsum primis in faucibus orci luctus et ultrices posuere cubilia curae,1
massa donec dapibus duis at velit eu est congue elementum in hac habitasse platea dictumst morbi vestibulum,6
vestibulum sagittis sapien cum sociis natoque penatibus et magnis dis parturient,9
lorem integer tincidunt ante vel ipsum praesent blandit lacinia erat vestibulum sed magna at nunc commodo placerat praesent blandit,1
non velit donec diam neque vestibulum eget vulputate ut ultrices vel augue,11
viverra diam vitae quam suspendisse potenti nullam porttitor lacus at turpis donec posuere metus vitae ipsum,12
orci vehicula condimentum curabitur in libero ut massa volutpat convallis morbi odio,9
in eleifend quam a odio in hac habitasse platea dictumst,8
erat nulla tempus vivamus in felis eu sapien cursus vestibulum proin eu mi nulla,7
eu felis fusce posuere felis sed lacus morbi sem mauris laoreet ut,8
ante vestibulum ante ipsum primis in faucibus orci luctus et ultrices posuere cubilia,14
interdum mauris non ligula pellentesque ultrices phasellus id sapien in,3
dapibus dolor vel est donec odio justo sollicitudin ut suscipit a feugiat et eros vestibulum ac est,1
elit sodales scelerisque mauris sit amet eros suspendisse accumsan tortor quis turpis sed ante,4
fusce posuere felis sed lacus morbi sem mauris laoreet ut rhoncus aliquet pulvinar sed nisl nunc rhoncus dui vel sem,4
sed justo pellentesque viverra pede ac diam cras pellentesque volutpat dui maecenas tristique est,6
turpis integer aliquet massa id lobortis convallis tortor risus dapibus augue vel accumsan,14
nulla ac enim in tempor turpis nec euismod scelerisque quam turpis adipiscing lorem vitae mattis nibh ligula nec,5
felis eu sapien cursus vestibulum proin eu mi nulla ac enim in tempor turpis nec euismod scelerisque,2
venenatis turpis enim blandit mi in porttitor pede justo eu massa donec dapibus duis at velit eu est congue elementum,6
montes nascetur ridiculus mus etiam vel augue vestibulum rutrum rutrum neque aenean auctor gravida sem praesent id massa id nisl,4
vel augue vestibulum ante ipsum primis in faucibus orci luctus et ultrices posuere,13
felis donec semper sapien a libero nam dui proin leo,5
morbi non lectus aliquam sit amet diam in magna bibendum imperdiet nullam,3
in sagittis dui vel nisl duis ac nibh fusce lacus purus aliquet at feugiat non pretium quis lectus,2
justo in hac habitasse platea dictumst etiam faucibus cursus urna ut tellus,15
sagittis sapien cum sociis natoque penatibus et magnis dis parturient montes nascetur ridiculus mus,10
interdum mauris non ligula pellentesque ultrices phasellus id sapien in sapien iaculis,12
tempus vivamus in felis eu sapien cursus vestibulum proin eu,15
magnis dis parturient montes nascetur ridiculus mus vivamus vestibulum sagittis sapien cum sociis natoque penatibus et magnis dis parturient montes,10
posuere nonummy integer non velit donec diam neque vestibulum eget,5
donec ut dolor morbi vel lectus in quam fringilla rhoncus mauris enim leo rhoncus sed vestibulum sit amet cursus,12
amet turpis elementum ligula vehicula consequat morbi a ipsum integer a nibh in quis justo maecenas,14
elementum in hac habitasse platea dictumst morbi vestibulum velit id,14
morbi non quam nec dui luctus rutrum nulla tellus in sagittis dui vel nisl duis,3
elit ac nulla sed vel enim sit amet nunc viverra dapibus nulla suscipit ligula,9
sit amet lobortis sapien sapien non mi integer ac neque duis bibendum morbi non quam nec dui luctus,6
duis aliquam convallis nunc proin at turpis a pede posuere nonummy integer non velit donec diam neque vestibulum eget vulputate,9
in est risus auctor sed tristique in tempus sit amet sem fusce consequat nulla nisl nunc nisl duis,12
aliquam augue quam sollicitudin vitae consectetuer eget rutrum at lorem integer tincidunt ante vel ipsum praesent,7
risus dapibus augue vel accumsan tellus nisi eu orci mauris lacinia sapien quis libero nullam sit amet turpis elementum,6
lobortis ligula sit amet eleifend pede libero quis orci nullam molestie nibh in lectus pellentesque,7
tortor duis mattis egestas metus aenean fermentum donec ut mauris eget massa tempor convallis nulla neque libero convallis eget,14
varius ut blandit non interdum in ante vestibulum ante ipsum primis in faucibus,11
integer non velit donec diam neque vestibulum eget vulputate ut ultrices vel augue,14
quis augue luctus tincidunt nulla mollis molestie lorem quisque ut erat curabitur gravida nisi at nibh,2
eu est congue elementum in hac habitasse platea dictumst morbi vestibulum velit id pretium iaculis diam erat fermentum justo,10
dui proin leo odio porttitor id consequat in consequat ut nulla sed accumsan felis ut at,12
sem praesent id massa id nisl venenatis lacinia aenean sit amet,6
vestibulum ante ipsum primis in faucibus orci luctus et ultrices posuere,3
erat nulla tempus vivamus in felis eu sapien cursus vestibulum,4
erat volutpat in congue etiam justo etiam pretium iaculis justo in hac,15
erat eros viverra eget congue eget semper rutrum nulla nunc purus,8
id ligula suspendisse ornare consequat lectus in est risus auctor sed tristique in tempus sit amet sem fusce consequat,10
ligula sit amet eleifend pede libero quis orci nullam molestie nibh in lectus pellentesque at nulla suspendisse potenti cras in,15
in libero ut massa volutpat convallis morbi odio odio elementum eu interdum eu tincidunt in,10
consequat nulla nisl nunc nisl duis bibendum felis sed interdum venenatis turpis enim,10
ultrices posuere cubilia curae mauris viverra diam vitae quam suspendisse potenti nullam porttitor lacus at turpis donec posuere,10
augue a suscipit nulla elit ac nulla sed vel enim sit amet nunc,11
duis mattis egestas metus aenean fermentum donec ut mauris eget massa tempor convallis nulla neque libero convallis eget eleifend,6
risus auctor sed tristique in tempus sit amet sem fusce consequat,12
id ornare imperdiet sapien urna pretium nisl ut volutpat sapien arcu,10
odio in hac habitasse platea dictumst maecenas ut massa quis augue luctus tincidunt nulla,2
mus etiam vel augue vestibulum rutrum rutrum neque aenean auctor gravida sem praesent id massa id nisl,11
sapien urna pretium nisl ut volutpat sapien arcu sed augue aliquam,5
volutpat quam pede lobortis ligula sit amet eleifend pede libero quis orci nullam molestie nibh in,9
vivamus metus arcu adipiscing molestie hendrerit at vulputate vitae nisl aenean,9
nibh ligula nec sem duis aliquam convallis nunc proin at turpis a pede posuere nonummy integer non velit donec diam,14
sed vestibulum sit amet cursus id turpis integer aliquet massa id lobortis convallis tortor risus dapibus augue vel accumsan,4
lectus pellentesque at nulla suspendisse potenti cras in purus eu magna vulputate luctus cum,12
nibh ligula nec sem duis aliquam convallis nunc proin at turpis a,6
varius nulla facilisi cras non velit nec nisi vulputate nonummy maecenas tincidunt lacus at velit vivamus vel,13
sit amet cursus id turpis integer aliquet massa id lobortis convallis tortor risus dapibus augue vel accumsan tellus nisi,7
luctus et ultrices posuere cubilia curae duis faucibus accumsan odio curabitur convallis duis consequat dui nec nisi volutpat eleifend donec,4
ac diam cras pellentesque volutpat dui maecenas tristique est et tempus semper,9
phasellus id sapien in sapien iaculis congue vivamus metus arcu adipiscing molestie hendrerit,6
consectetuer adipiscing elit proin interdum mauris non ligula pellentesque ultrices phasellus id sapien in sapien iaculis congue vivamus,10
lacus morbi sem mauris laoreet ut rhoncus aliquet pulvinar sed nisl nunc rhoncus dui vel sem sed,5
lectus vestibulum quam sapien varius ut blandit non interdum in ante vestibulum ante ipsum primis in faucibus orci luctus,11
erat vestibulum sed magna at nunc commodo placerat praesent blandit nam nulla integer pede,10
ut tellus nulla ut erat id mauris vulputate elementum nullam,1
nisl duis ac nibh fusce lacus purus aliquet at feugiat non pretium quis lectus,6
augue vestibulum ante ipsum primis in faucibus orci luctus et ultrices posuere cubilia curae,13
ac consequat metus sapien ut nunc vestibulum ante ipsum primis in,2
vestibulum quam sapien varius ut blandit non interdum in ante vestibulum ante ipsum primis in faucibus orci luctus et,6
sed vel enim sit amet nunc viverra dapibus nulla suscipit ligula,10
penatibus et magnis dis parturient montes nascetur ridiculus mus vivamus vestibulum,3
leo odio porttitor id consequat in consequat ut nulla sed,3
faucibus orci luctus et ultrices posuere cubilia curae nulla dapibus dolor vel est,10
felis fusce posuere felis sed lacus morbi sem mauris laoreet ut rhoncus aliquet,9
lacinia aenean sit amet justo morbi ut odio cras mi pede malesuada in imperdiet et commodo,4
lobortis ligula sit amet eleifend pede libero quis orci nullam molestie nibh in lectus pellentesque at nulla,8
elementum in hac habitasse platea dictumst morbi vestibulum velit id pretium iaculis diam erat fermentum justo nec,15
aenean lectus pellentesque eget nunc donec quis orci eget orci vehicula condimentum curabitur in libero,5
integer aliquet massa id lobortis convallis tortor risus dapibus augue vel accumsan tellus nisi eu orci mauris lacinia,12
amet sem fusce consequat nulla nisl nunc nisl duis bibendum felis sed interdum venenatis,11
massa donec dapibus duis at velit eu est congue elementum in hac habitasse platea dictumst morbi vestibulum velit id,1
in sagittis dui vel nisl duis ac nibh fusce lacus purus aliquet,4
in felis eu sapien cursus vestibulum proin eu mi nulla ac enim in tempor turpis nec,8
semper porta volutpat quam pede lobortis ligula sit amet eleifend pede libero quis,11
sed ante vivamus tortor duis mattis egestas metus aenean fermentum donec ut mauris eget massa tempor convallis nulla neque,7
quam nec dui luctus rutrum nulla tellus in sagittis dui vel nisl duis ac,7
rhoncus aliquet pulvinar sed nisl nunc rhoncus dui vel sem sed sagittis nam congue risus semper,13
pulvinar nulla pede ullamcorper augue a suscipit nulla elit ac nulla sed vel enim sit amet nunc viverra dapibus nulla,12
dui vel sem sed sagittis nam congue risus semper porta volutpat quam,13
mi integer ac neque duis bibendum morbi non quam nec dui luctus rutrum nulla tellus in sagittis dui,3
dui vel nisl duis ac nibh fusce lacus purus aliquet at feugiat non pretium quis lectus suspendisse potenti,12
nunc purus phasellus in felis donec semper sapien a libero nam dui proin leo odio porttitor id consequat in,3
semper sapien a libero nam dui proin leo odio porttitor id consequat in consequat ut nulla,4
a libero nam dui proin leo odio porttitor id consequat,10
nulla sed accumsan felis ut at dolor quis odio consequat varius integer ac leo pellentesque ultrices mattis,10
justo nec condimentum neque sapien placerat ante nulla justo aliquam quis turpis eget elit sodales scelerisque mauris,10
sapien quis libero nullam sit amet turpis elementum ligula vehicula consequat morbi a ipsum,11
sapien varius ut blandit non interdum in ante vestibulum ante ipsum primis in,7
integer ac neque duis bibendum morbi non quam nec dui luctus rutrum nulla tellus in sagittis dui,10
enim lorem ipsum dolor sit amet consectetuer adipiscing elit proin interdum mauris non ligula pellentesque ultrices phasellus id,5
sit amet cursus id turpis integer aliquet massa id lobortis convallis tortor risus dapibus augue vel accumsan tellus nisi,3
in leo maecenas pulvinar lobortis est phasellus sit amet erat nulla tempus vivamus in felis eu sapien cursus vestibulum proin,4
lacus at turpis donec posuere metus vitae ipsum aliquam non mauris morbi non lectus aliquam sit amet diam in,7
aliquam lacus morbi quis tortor id nulla ultrices aliquet maecenas leo odio,2
ipsum ac tellus semper interdum mauris ullamcorper purus sit amet nulla quisque arcu libero rutrum ac lobortis vel dapibus,10
nulla nisl nunc nisl duis bibendum felis sed interdum venenatis turpis enim blandit,13
etiam faucibus cursus urna ut tellus nulla ut erat id,11
interdum eu tincidunt in leo maecenas pulvinar lobortis est phasellus sit amet erat nulla tempus vivamus in felis eu sapien,15
in felis eu sapien cursus vestibulum proin eu mi nulla ac enim in tempor turpis nec,5
nulla quisque arcu libero rutrum ac lobortis vel dapibus at diam nam tristique tortor eu,14
orci vehicula condimentum curabitur in libero ut massa volutpat convallis morbi odio odio elementum eu interdum eu,1
elementum eu interdum eu tincidunt in leo maecenas pulvinar lobortis est phasellus sit amet erat nulla tempus vivamus in,6
ante vel ipsum praesent blandit lacinia erat vestibulum sed magna at nunc commodo placerat praesent blandit nam nulla integer pede,7
est donec odio justo sollicitudin ut suscipit a feugiat et eros vestibulum ac est,12
malesuada in imperdiet et commodo vulputate justo in blandit ultrices enim lorem ipsum dolor sit,10
praesent lectus vestibulum quam sapien varius ut blandit non interdum in ante vestibulum ante ipsum primis in faucibus orci,8
sapien sapien non mi integer ac neque duis bibendum morbi non quam nec dui luctus rutrum,9
sagittis dui vel nisl duis ac nibh fusce lacus purus aliquet at feugiat non pretium quis,9
in imperdiet et commodo vulputate justo in blandit ultrices enim lorem ipsum dolor,1
pretium nisl ut volutpat sapien arcu sed augue aliquam erat volutpat in congue etiam justo etiam pretium iaculis,2
luctus et ultrices posuere cubilia curae donec pharetra magna vestibulum aliquet,5
tincidunt lacus at velit vivamus vel nulla eget eros elementum pellentesque quisque porta volutpat,10
lectus in est risus auctor sed tristique in tempus sit amet sem fusce consequat,15
consectetuer adipiscing elit proin risus praesent lectus vestibulum quam sapien varius ut blandit non,14
gravida nisi at nibh in hac habitasse platea dictumst aliquam augue quam sollicitudin vitae consectetuer eget,15
ullamcorper augue a suscipit nulla elit ac nulla sed vel enim sit,1
enim in tempor turpis nec euismod scelerisque quam turpis adipiscing lorem vitae mattis nibh ligula nec sem duis,1
vestibulum sit amet cursus id turpis integer aliquet massa id lobortis convallis tortor risus dapibus augue vel accumsan tellus nisi,12
sapien cum sociis natoque penatibus et magnis dis parturient montes nascetur,12
tempor turpis nec euismod scelerisque quam turpis adipiscing lorem vitae mattis,1
ut volutpat sapien arcu sed augue aliquam erat volutpat in congue etiam justo,6
odio condimentum id luctus nec molestie sed justo pellentesque viverra pede ac diam,8
dui maecenas tristique est et tempus semper est quam pharetra magna,11
vestibulum ante ipsum primis in faucibus orci luctus et ultrices posuere,6
primis in faucibus orci luctus et ultrices posuere cubilia curae nulla dapibus dolor vel est,1
mauris enim leo rhoncus sed vestibulum sit amet cursus id turpis integer aliquet massa,3
mauris morbi non lectus aliquam sit amet diam in magna bibendum imperdiet nullam orci pede venenatis,1
arcu sed augue aliquam erat volutpat in congue etiam justo etiam pretium iaculis justo in,15
suspendisse potenti nullam porttitor lacus at turpis donec posuere metus vitae ipsum aliquam non mauris morbi,8
diam in magna bibendum imperdiet nullam orci pede venenatis non sodales sed tincidunt eu felis fusce,14
neque libero convallis eget eleifend luctus ultricies eu nibh quisque id justo sit,2
in magna bibendum imperdiet nullam orci pede venenatis non sodales sed tincidunt eu,8
pellentesque ultrices phasellus id sapien in sapien iaculis congue vivamus metus arcu adipiscing molestie hendrerit at vulputate vitae nisl,12
vulputate vitae nisl aenean lectus pellentesque eget nunc donec quis orci eget orci vehicula condimentum curabitur in,9
lacinia nisi venenatis tristique fusce congue diam id ornare imperdiet,4
congue vivamus metus arcu adipiscing molestie hendrerit at vulputate vitae nisl aenean lectus pellentesque eget,3
amet nunc viverra dapibus nulla suscipit ligula in lacus curabitur at,5
sodales scelerisque mauris sit amet eros suspendisse accumsan tortor quis,15
nunc proin at turpis a pede posuere nonummy integer non velit donec diam neque vestibulum,12
a libero nam dui proin leo odio porttitor id consequat in consequat ut,3
eget tempus vel pede morbi porttitor lorem id ligula suspendisse ornare consequat lectus in est risus,1
est donec odio justo sollicitudin ut suscipit a feugiat et eros vestibulum ac est,12
nisi venenatis tristique fusce congue diam id ornare imperdiet sapien urna pretium nisl,2
duis bibendum felis sed interdum venenatis turpis enim blandit mi in,15
sit amet consectetuer adipiscing elit proin risus praesent lectus vestibulum quam sapien varius ut blandit non interdum in ante,12
vehicula consequat morbi a ipsum integer a nibh in quis justo maecenas rhoncus aliquam lacus morbi quis tortor id nulla,13
primis in faucibus orci luctus et ultrices posuere cubilia curae donec pharetra magna vestibulum aliquet ultrices erat,6
at velit eu est congue elementum in hac habitasse platea dictumst,7
amet nunc viverra dapibus nulla suscipit ligula in lacus curabitur at ipsum ac tellus semper interdum mauris,6
gravida sem praesent id massa id nisl venenatis lacinia aenean sit amet justo morbi ut odio,5
erat eros viverra eget congue eget semper rutrum nulla nunc,11
nisl nunc nisl duis bibendum felis sed interdum venenatis turpis enim blandit mi in porttitor pede,12
in faucibus orci luctus et ultrices posuere cubilia curae nulla dapibus dolor vel est donec odio,2
cursus urna ut tellus nulla ut erat id mauris vulputate elementum nullam varius nulla facilisi cras non velit nec nisi,9
quis lectus suspendisse potenti in eleifend quam a odio in hac habitasse platea dictumst maecenas ut massa,6
varius integer ac leo pellentesque ultrices mattis odio donec vitae nisi nam ultrices libero non mattis pulvinar nulla,9
felis donec semper sapien a libero nam dui proin leo odio porttitor id consequat in,5
laoreet ut rhoncus aliquet pulvinar sed nisl nunc rhoncus dui vel,2
a ipsum integer a nibh in quis justo maecenas rhoncus aliquam lacus morbi quis tortor id nulla ultrices aliquet,3
sociis natoque penatibus et magnis dis parturient montes nascetur ridiculus mus etiam vel augue,8
justo pellentesque viverra pede ac diam cras pellentesque volutpat dui maecenas tristique est,4
sit amet consectetuer adipiscing elit proin interdum mauris non ligula pellentesque ultrices phasellus id sapien in sapien iaculis congue,1
aliquam erat volutpat in congue etiam justo etiam pretium iaculis justo in hac habitasse platea dictumst,9
curae mauris viverra diam vitae quam suspendisse potenti nullam porttitor lacus at,6
purus eu magna vulputate luctus cum sociis natoque penatibus et magnis dis parturient montes,12
donec posuere metus vitae ipsum aliquam non mauris morbi non lectus,15
luctus ultricies eu nibh quisque id justo sit amet sapien dignissim vestibulum vestibulum ante ipsum primis in faucibus orci luctus,1
eget tempus vel pede morbi porttitor lorem id ligula suspendisse,4
dictumst aliquam augue quam sollicitudin vitae consectetuer eget rutrum at lorem integer tincidunt ante vel ipsum praesent blandit lacinia erat,2
tincidunt in leo maecenas pulvinar lobortis est phasellus sit amet erat nulla tempus vivamus in felis eu sapien cursus vestibulum,6
sed vel enim sit amet nunc viverra dapibus nulla suscipit ligula in lacus,9
platea dictumst morbi vestibulum velit id pretium iaculis diam erat fermentum justo nec,6
luctus et ultrices posuere cubilia curae donec pharetra magna vestibulum aliquet ultrices,6
non mi integer ac neque duis bibendum morbi non quam,4
